0 verbose cli C:\Program Files\nodejs\node.exe C:\Users\skk88\AppData\Roaming\npm\node_modules\npm\bin\npm-cli.js
1 info using npm@11.15.0
2 info using node@v24.13.1
3 silly config load:file:C:\Users\skk88\AppData\Roaming\npm\node_modules\npm\npmrc
4 silly config load:file:C:\projects\genai\Automated Code Reviewer\frontend\.npmrc
5 silly config load:file:C:\Users\skk88\.npmrc
6 silly config load:file:C:\Users\skk88\AppData\Roaming\npm\etc\npmrc
7 verbose title npm exec live-server --port=5500 --open=./index.html
8 verbose argv "exec" "--" "live-server" "--port=5500" "--open=./index.html"
9 verbose logfile logs-max:10 dir:C:\projects\genai\Automated Code Reviewer\frontend\clean\_logs\2026-05-22T04_23_05_576Z-
10 verbose logfile C:\projects\genai\Automated Code Reviewer\frontend\clean\_logs\2026-05-22T04_23_05_576Z-debug-0.log
11 silly logfile done cleaning log files
12 silly packumentCache heap:4496293888 maxSize:1124073472 maxEntrySize:562036736
13 verbose shrinkwrap failed to load node_modules/.package-lock.json out of date, updated: node_modules
14 http fetch GET 200 https://registry.npmjs.org/live-server 529ms (cache miss)
15 silly packumentCache heap:4496293888 maxSize:1124073472 maxEntrySize:562036736
16 silly packumentCache heap:4496293888 maxSize:1124073472 maxEntrySize:562036736
17 silly idealTree buildDeps
18 silly fetch manifest live-server@1.2.2
19 silly packumentCache full:https://registry.npmjs.org/live-server cache-miss
20 http fetch GET 200 https://registry.npmjs.org/live-server 406ms (cache miss)
21 silly packumentCache full:https://registry.npmjs.org/live-server set size:undefined disposed:false
22 silly placeDep ROOT live-server@1.2.2 OK for:  want: 1.2.2
23 silly fetch manifest opn@latest
24 silly packumentCache full:https://registry.npmjs.org/opn cache-miss
25 silly fetch manifest cors@latest
26 silly packumentCache full:https://registry.npmjs.org/cors cache-miss
27 silly fetch manifest send@latest
28 silly packumentCache full:https://registry.npmjs.org/send cache-miss
29 silly fetch manifest colors@1.4.0
30 silly packumentCache full:https://registry.npmjs.org/colors cache-miss
31 silly fetch manifest morgan@^1.9.1
32 silly packumentCache full:https://registry.npmjs.org/morgan cache-miss
33 silly fetch manifest connect@^3.6.6
34 silly packumentCache full:https://registry.npmjs.org/connect cache-miss
35 silly fetch manifest chokidar@^2.0.4
36 silly packumentCache full:https://registry.npmjs.org/chokidar cache-miss
37 silly fetch manifest http-auth@3.1.x
38 silly packumentCache full:https://registry.npmjs.org/http-auth cache-miss
39 silly fetch manifest serve-index@^1.9.1
40 silly packumentCache full:https://registry.npmjs.org/serve-index cache-miss
41 silly fetch manifest event-stream@3.3.4
42 silly packumentCache full:https://registry.npmjs.org/event-stream cache-miss
43 silly fetch manifest object-assign@latest
44 silly packumentCache full:https://registry.npmjs.org/object-assign cache-miss
45 silly fetch manifest faye-websocket@0.11.x
46 silly packumentCache full:https://registry.npmjs.org/faye-websocket cache-miss
47 silly fetch manifest proxy-middleware@latest
48 silly packumentCache full:https://registry.npmjs.org/proxy-middleware cache-miss
49 http fetch GET 200 https://registry.npmjs.org/opn 127ms (cache miss)
50 silly packumentCache full:https://registry.npmjs.org/opn set size:undefined disposed:false
51 http fetch GET 200 https://registry.npmjs.org/colors 164ms (cache miss)
52 silly packumentCache full:https://registry.npmjs.org/colors set size:undefined disposed:false
53 http fetch GET 200 https://registry.npmjs.org/cors 167ms (cache miss)
54 silly packumentCache full:https://registry.npmjs.org/cors set size:undefined disposed:false
55 http fetch GET 200 https://registry.npmjs.org/serve-index 203ms (cache miss)
56 silly packumentCache full:https://registry.npmjs.org/serve-index set size:undefined disposed:false
57 http fetch GET 200 https://registry.npmjs.org/object-assign 217ms (cache revalidated)
58 silly packumentCache full:https://registry.npmjs.org/object-assign set size:28988 disposed:false
59 http fetch GET 200 https://registry.npmjs.org/send 225ms (cache miss)
60 silly packumentCache full:https://registry.npmjs.org/send set size:undefined disposed:false
61 http fetch GET 200 https://registry.npmjs.org/faye-websocket 224ms (cache miss)
62 silly packumentCache full:https://registry.npmjs.org/faye-websocket set size:undefined disposed:false
63 http fetch GET 200 https://registry.npmjs.org/event-stream 228ms (cache miss)
64 silly packumentCache full:https://registry.npmjs.org/event-stream set size:undefined disposed:false
65 http fetch GET 200 https://registry.npmjs.org/connect 236ms (cache miss)
66 silly packumentCache full:https://registry.npmjs.org/connect set size:undefined disposed:false
67 http fetch GET 200 https://registry.npmjs.org/chokidar 246ms (cache updated)
68 silly packumentCache full:https://registry.npmjs.org/chokidar set size:undefined disposed:false
69 http fetch GET 200 https://registry.npmjs.org/http-auth 309ms (cache miss)
70 silly packumentCache full:https://registry.npmjs.org/http-auth set size:undefined disposed:false
71 http fetch GET 200 https://registry.npmjs.org/proxy-middleware 383ms (cache miss)
72 silly packumentCache full:https://registry.npmjs.org/proxy-middleware set size:undefined disposed:false
73 http fetch GET 200 https://registry.npmjs.org/morgan 393ms (cache miss)
74 silly packumentCache full:https://registry.npmjs.org/morgan set size:undefined disposed:false
75 silly placeDep ROOT chokidar@2.1.8 OK for: live-server@1.2.2 want: ^2.0.4
76 silly placeDep ROOT colors@1.4.0 OK for: live-server@1.2.2 want: 1.4.0
77 silly placeDep ROOT connect@3.7.0 OK for: live-server@1.2.2 want: ^3.6.6
78 silly placeDep ROOT cors@2.8.6 OK for: live-server@1.2.2 want: latest
79 silly placeDep ROOT event-stream@3.3.4 OK for: live-server@1.2.2 want: 3.3.4
80 silly placeDep ROOT faye-websocket@0.11.4 OK for: live-server@1.2.2 want: 0.11.x
81 silly placeDep ROOT http-auth@3.1.3 OK for: live-server@1.2.2 want: 3.1.x
82 silly placeDep ROOT morgan@1.10.1 OK for: live-server@1.2.2 want: ^1.9.1
83 silly placeDep ROOT object-assign@4.1.1 OK for: live-server@1.2.2 want: latest
84 silly placeDep ROOT opn@6.0.0 OK for: live-server@1.2.2 want: latest
85 silly placeDep ROOT proxy-middleware@0.15.0 OK for: live-server@1.2.2 want: latest
86 silly placeDep ROOT send@1.2.1 OK for: live-server@1.2.2 want: latest
87 silly placeDep ROOT serve-index@1.9.2 OK for: live-server@1.2.2 want: ^1.9.1
88 silly fetch manifest upath@^1.1.1
89 silly packumentCache full:https://registry.npmjs.org/upath cache-miss
90 silly fetch manifest braces@^2.3.2
91 silly packumentCache full:https://registry.npmjs.org/braces cache-miss
92 silly fetch manifest is-glob@^4.0.0
93 silly packumentCache full:https://registry.npmjs.org/is-glob cache-miss
94 silly fetch manifest anymatch@^2.0.0
95 silly packumentCache full:https://registry.npmjs.org/anymatch cache-miss
96 silly fetch manifest inherits@^2.0.3
97 silly packumentCache full:https://registry.npmjs.org/inherits cache-miss
98 silly fetch manifest readdirp@^2.2.1
99 silly packumentCache full:https://registry.npmjs.org/readdirp cache-miss
100 silly fetch manifest async-each@^1.0.1
101 silly packumentCache full:https://registry.npmjs.org/async-each cache-miss
102 silly fetch manifest glob-parent@^3.1.0
103 silly packumentCache full:https://registry.npmjs.org/glob-parent cache-miss
104 silly fetch manifest is-binary-path@^1.0.0
105 silly packumentCache full:https://registry.npmjs.org/is-binary-path cache-miss
106 silly fetch manifest normalize-path@^3.0.0
107 silly packumentCache full:https://registry.npmjs.org/normalize-path cache-miss
108 silly fetch manifest path-is-absolute@^1.0.0
109 silly packumentCache full:https://registry.npmjs.org/path-is-absolute cache-miss
110 silly fetch manifest fsevents@^1.2.7
111 silly packumentCache full:https://registry.npmjs.org/fsevents cache-miss
112 silly fetch manifest debug@2.6.9
113 silly packumentCache full:https://registry.npmjs.org/debug cache-miss
114 silly fetch manifest finalhandler@1.1.2
115 silly packumentCache full:https://registry.npmjs.org/finalhandler cache-miss
116 silly fetch manifest parseurl@~1.3.3
117 silly packumentCache full:https://registry.npmjs.org/parseurl cache-miss
118 http fetch GET 200 https://registry.npmjs.org/inherits 90ms (cache miss)
119 silly packumentCache full:https://registry.npmjs.org/inherits set size:undefined disposed:false
120 silly fetch manifest utils-merge@1.0.1
121 silly packumentCache full:https://registry.npmjs.org/utils-merge cache-miss
122 http fetch GET 200 https://registry.npmjs.org/parseurl 91ms (cache miss)
123 silly packumentCache full:https://registry.npmjs.org/parseurl set size:undefined disposed:false
124 silly fetch manifest object-assign@^4
125 silly packumentCache full:https://registry.npmjs.org/object-assign cache-hit
126 silly fetch manifest vary@^1
127 silly packumentCache full:https://registry.npmjs.org/vary cache-miss
128 http fetch GET 200 https://registry.npmjs.org/path-is-absolute 96ms (cache miss)
129 silly packumentCache full:https://registry.npmjs.org/path-is-absolute set size:undefined disposed:false
130 silly fetch manifest through@~2.3.1
131 silly packumentCache full:https://registry.npmjs.org/through cache-miss
132 http fetch GET 200 https://registry.npmjs.org/async-each 104ms (cache miss)
133 silly packumentCache full:https://registry.npmjs.org/async-each set size:undefined disposed:false
134 silly fetch manifest duplexer@~0.1.1
135 silly packumentCache full:https://registry.npmjs.org/duplexer cache-miss
136 http fetch GET 200 https://registry.npmjs.org/finalhandler 105ms (cache miss)
137 silly packumentCache full:https://registry.npmjs.org/finalhandler set size:undefined disposed:false
138 silly fetch manifest from@~0
139 silly packumentCache full:https://registry.npmjs.org/from cache-miss
140 http fetch GET 200 https://registry.npmjs.org/upath 113ms (cache miss)
141 silly packumentCache full:https://registry.npmjs.org/upath set size:undefined disposed:false
142 silly fetch manifest map-stream@~0.1.0
143 silly packumentCache full:https://registry.npmjs.org/map-stream cache-miss
144 http fetch GET 200 https://registry.npmjs.org/normalize-path 143ms (cache revalidated)
145 silly packumentCache full:https://registry.npmjs.org/normalize-path set size:28713 disposed:false
146 silly fetch manifest pause-stream@0.0.11
147 silly packumentCache full:https://registry.npmjs.org/pause-stream cache-miss
148 http fetch GET 200 https://registry.npmjs.org/readdirp 148ms (cache revalidated)
149 silly packumentCache full:https://registry.npmjs.org/readdirp set size:107589 disposed:false
150 silly fetch manifest split@0.3
151 silly packumentCache full:https://registry.npmjs.org/split cache-miss
152 http fetch GET 200 https://registry.npmjs.org/anymatch 152ms (cache revalidated)
153 silly packumentCache full:https://registry.npmjs.org/anymatch set size:42974 disposed:false
154 silly fetch manifest stream-combiner@~0.0.4
155 silly packumentCache full:https://registry.npmjs.org/stream-combiner cache-miss
156 http fetch GET 200 https://registry.npmjs.org/is-binary-path 154ms (cache revalidated)
157 silly packumentCache full:https://registry.npmjs.org/is-binary-path set size:13475 disposed:false
158 silly fetch manifest websocket-driver@>=0.5.1
159 silly packumentCache full:https://registry.npmjs.org/websocket-driver cache-miss
160 http fetch GET 200 https://registry.npmjs.org/glob-parent 168ms (cache revalidated)
161 silly packumentCache full:https://registry.npmjs.org/glob-parent set size:42445 disposed:false
162 silly fetch manifest uuid@^3.0.0
163 silly packumentCache full:https://registry.npmjs.org/uuid cache-miss
164 http fetch GET 200 https://registry.npmjs.org/fsevents 172ms (cache revalidated)
165 silly packumentCache full:https://registry.npmjs.org/fsevents set size:182472 disposed:false
166 silly fetch manifest bcryptjs@^2.3.0
167 silly packumentCache full:https://registry.npmjs.org/bcryptjs cache-miss
168 http fetch GET 200 https://registry.npmjs.org/braces 181ms (cache revalidated)
169 silly packumentCache full:https://registry.npmjs.org/braces set size:114529 disposed:false
170 silly fetch manifest apache-md5@^1.0.6
171 silly packumentCache full:https://registry.npmjs.org/apache-md5 cache-miss
172 http fetch GET 200 https://registry.npmjs.org/is-glob 187ms (cache revalidated)
173 silly packumentCache full:https://registry.npmjs.org/is-glob set size:40530 disposed:false
174 silly fetch manifest apache-crypt@^1.1.2
175 silly packumentCache full:https://registry.npmjs.org/apache-crypt cache-miss
176 http fetch GET 200 https://registry.npmjs.org/debug 190ms (cache revalidated)
177 silly packumentCache full:https://registry.npmjs.org/debug set size:195840 disposed:false
178 silly fetch manifest basic-auth@~2.0.1
179 silly packumentCache full:https://registry.npmjs.org/basic-auth cache-miss
180 http fetch GET 200 https://registry.npmjs.org/utils-merge 126ms (cache miss)
181 silly packumentCache full:https://registry.npmjs.org/utils-merge set size:undefined disposed:false
182 silly fetch manifest depd@~2.0.0
183 silly packumentCache full:https://registry.npmjs.org/depd cache-miss
184 http fetch GET 200 https://registry.npmjs.org/vary 130ms (cache miss)
185 silly packumentCache full:https://registry.npmjs.org/vary set size:undefined disposed:false
186 silly fetch manifest on-finished@~2.3.0
187 silly packumentCache full:https://registry.npmjs.org/on-finished cache-miss
188 http fetch GET 200 https://registry.npmjs.org/through 135ms (cache miss)
189 silly packumentCache full:https://registry.npmjs.org/through set size:undefined disposed:false
190 silly fetch manifest on-headers@~1.1.0
191 silly packumentCache full:https://registry.npmjs.org/on-headers cache-miss
192 http fetch GET 200 https://registry.npmjs.org/duplexer 134ms (cache miss)
193 silly packumentCache full:https://registry.npmjs.org/duplexer set size:undefined disposed:false
194 silly fetch manifest is-wsl@^1.1.0
195 silly packumentCache full:https://registry.npmjs.org/is-wsl cache-miss
196 http fetch GET 200 https://registry.npmjs.org/pause-stream 105ms (cache miss)
197 silly packumentCache full:https://registry.npmjs.org/pause-stream set size:undefined disposed:false
198 silly fetch manifest debug@^4.4.3
199 silly packumentCache full:https://registry.npmjs.org/debug cache-hit
200 silly fetch manifest encodeurl@^2.0.0
201 silly packumentCache full:https://registry.npmjs.org/encodeurl cache-miss
202 http fetch GET 200 https://registry.npmjs.org/websocket-driver 115ms (cache miss)
203 silly packumentCache full:https://registry.npmjs.org/websocket-driver set size:undefined disposed:false
204 silly fetch manifest escape-html@^1.0.3
205 silly packumentCache full:https://registry.npmjs.org/escape-html cache-miss
206 http fetch GET 200 https://registry.npmjs.org/basic-auth 90ms (cache miss)
207 silly packumentCache full:https://registry.npmjs.org/basic-auth set size:undefined disposed:false
208 silly fetch manifest etag@^1.8.1
209 silly packumentCache full:https://registry.npmjs.org/etag cache-miss
210 http fetch GET 200 https://registry.npmjs.org/apache-crypt 113ms (cache miss)
211 silly packumentCache full:https://registry.npmjs.org/apache-crypt set size:undefined disposed:false
212 silly fetch manifest fresh@^2.0.0
213 silly packumentCache full:https://registry.npmjs.org/fresh cache-miss
214 http fetch GET 200 https://registry.npmjs.org/depd 84ms (cache miss)
215 silly packumentCache full:https://registry.npmjs.org/depd set size:undefined disposed:false
216 silly fetch manifest http-errors@^2.0.1
217 silly packumentCache full:https://registry.npmjs.org/http-errors cache-miss
218 http fetch GET 200 https://registry.npmjs.org/on-finished 85ms (cache miss)
219 silly packumentCache full:https://registry.npmjs.org/on-finished set size:undefined disposed:false
220 silly fetch manifest mime-types@^3.0.2
221 silly packumentCache full:https://registry.npmjs.org/mime-types cache-miss
222 http fetch GET 200 https://registry.npmjs.org/bcryptjs 137ms (cache miss)
223 silly packumentCache full:https://registry.npmjs.org/bcryptjs set size:undefined disposed:false
224 silly fetch manifest ms@^2.1.3
225 silly packumentCache full:https://registry.npmjs.org/ms cache-miss
226 http fetch GET 200 https://registry.npmjs.org/on-headers 87ms (cache miss)
227 silly packumentCache full:https://registry.npmjs.org/on-headers set size:undefined disposed:false
228 silly fetch manifest on-finished@^2.4.1
229 silly packumentCache full:https://registry.npmjs.org/on-finished cache-miss
230 http fetch GET 200 https://registry.npmjs.org/uuid 157ms (cache miss)
231 silly packumentCache full:https://registry.npmjs.org/uuid set size:undefined disposed:false
232 silly fetch manifest range-parser@^1.2.1
233 silly packumentCache full:https://registry.npmjs.org/range-parser cache-miss
234 http fetch GET 200 https://registry.npmjs.org/is-wsl 99ms (cache miss)
235 silly packumentCache full:https://registry.npmjs.org/is-wsl set size:undefined disposed:false
236 silly fetch manifest statuses@^2.0.2
237 silly packumentCache full:https://registry.npmjs.org/statuses cache-miss
238 http fetch GET 200 https://registry.npmjs.org/encodeurl 93ms (cache miss)
239 silly packumentCache full:https://registry.npmjs.org/encodeurl set size:undefined disposed:false
240 silly fetch manifest accepts@~1.3.8
241 silly packumentCache full:https://registry.npmjs.org/accepts cache-miss
242 http cache https://registry.npmjs.org/on-finished 33ms (cache hit)
243 silly packumentCache full:https://registry.npmjs.org/on-finished set size:23212 disposed:false
244 silly fetch manifest batch@0.6.1
245 silly packumentCache full:https://registry.npmjs.org/batch cache-miss
246 http fetch GET 200 https://registry.npmjs.org/escape-html 91ms (cache miss)
247 silly packumentCache full:https://registry.npmjs.org/escape-html set size:undefined disposed:false
248 silly fetch manifest escape-html@~1.0.3
249 silly packumentCache full:https://registry.npmjs.org/escape-html cache-miss
250 http fetch GET 200 https://registry.npmjs.org/etag 80ms (cache miss)
251 silly packumentCache full:https://registry.npmjs.org/etag set size:undefined disposed:false
252 silly fetch manifest http-errors@~1.8.0
253 silly packumentCache full:https://registry.npmjs.org/http-errors cache-miss
254 http fetch GET 200 https://registry.npmjs.org/fresh 72ms (cache miss)
255 silly packumentCache full:https://registry.npmjs.org/fresh set size:undefined disposed:false
256 silly fetch manifest mime-types@~2.1.35
257 silly packumentCache full:https://registry.npmjs.org/mime-types cache-miss
258 http cache https://registry.npmjs.org/escape-html 16ms (cache hit)
259 silly packumentCache full:https://registry.npmjs.org/escape-html set size:7345 disposed:false
260 http fetch GET 200 https://registry.npmjs.org/ms 79ms (cache revalidated)
261 silly packumentCache full:https://registry.npmjs.org/ms set size:92208 disposed:false
262 http fetch GET 200 https://registry.npmjs.org/mime-types 88ms (cache revalidated)
263 silly packumentCache full:https://registry.npmjs.org/mime-types set size:139110 disposed:false
264 http fetch GET 200 https://registry.npmjs.org/range-parser 79ms (cache miss)
265 silly packumentCache full:https://registry.npmjs.org/range-parser set size:undefined disposed:false
266 http fetch GET 200 https://registry.npmjs.org/statuses 75ms (cache miss)
267 silly packumentCache full:https://registry.npmjs.org/statuses set size:undefined disposed:false
268 http fetch GET 200 https://registry.npmjs.org/batch 67ms (cache miss)
269 silly packumentCache full:https://registry.npmjs.org/batch set size:undefined disposed:false
270 http fetch GET 200 https://registry.npmjs.org/stream-combiner 273ms (cache miss)
271 silly packumentCache full:https://registry.npmjs.org/stream-combiner set size:undefined disposed:false
272 http fetch GET 200 https://registry.npmjs.org/split 279ms (cache miss)
273 silly packumentCache full:https://registry.npmjs.org/split set size:undefined disposed:false
274 http fetch GET 200 https://registry.npmjs.org/accepts 85ms (cache miss)
275 silly packumentCache full:https://registry.npmjs.org/accepts set size:undefined disposed:false
276 http fetch GET 200 https://registry.npmjs.org/mime-types 63ms (cache revalidated)
277 silly packumentCache full:https://registry.npmjs.org/mime-types set size:139110 disposed:false
278 silly packumentCache full:https://registry.npmjs.org/mime-types dispose
279 http fetch GET 200 https://registry.npmjs.org/http-errors 80ms (cache miss)
280 silly packumentCache full:https://registry.npmjs.org/http-errors set size:undefined disposed:false
281 http fetch GET 200 https://registry.npmjs.org/apache-md5 293ms (cache miss)
282 silly packumentCache full:https://registry.npmjs.org/apache-md5 set size:undefined disposed:false
283 http fetch GET 200 https://registry.npmjs.org/http-errors 179ms (cache miss)
284 silly packumentCache full:https://registry.npmjs.org/http-errors set size:undefined disposed:false
285 http fetch GET 200 https://registry.npmjs.org/from 396ms (cache miss)
286 silly packumentCache full:https://registry.npmjs.org/from set size:undefined disposed:false
287 http fetch GET 200 https://registry.npmjs.org/map-stream 432ms (cache miss)
288 silly packumentCache full:https://registry.npmjs.org/map-stream set size:undefined disposed:false
289 silly placeDep ROOT anymatch@2.0.0 OK for: chokidar@2.1.8 want: ^2.0.0
290 silly placeDep ROOT async-each@1.0.6 OK for: chokidar@2.1.8 want: ^1.0.1
291 silly placeDep ROOT braces@2.3.2 OK for: chokidar@2.1.8 want: ^2.3.2
292 silly placeDep ROOT fsevents@1.2.13 OK for: chokidar@2.1.8 want: ^1.2.7
293 silly placeDep ROOT glob-parent@3.1.0 OK for: chokidar@2.1.8 want: ^3.1.0
294 silly placeDep ROOT inherits@2.0.4 OK for: chokidar@2.1.8 want: ^2.0.3
295 silly placeDep ROOT is-binary-path@1.0.1 OK for: chokidar@2.1.8 want: ^1.0.0
296 silly placeDep ROOT is-glob@4.0.3 OK for: chokidar@2.1.8 want: ^4.0.0
297 silly placeDep ROOT normalize-path@3.0.0 OK for: chokidar@2.1.8 want: ^3.0.0
298 silly placeDep ROOT path-is-absolute@1.0.1 OK for: chokidar@2.1.8 want: ^1.0.0
299 silly placeDep ROOT readdirp@2.2.1 OK for: chokidar@2.1.8 want: ^2.2.1
300 silly placeDep ROOT upath@1.2.0 OK for: chokidar@2.1.8 want: ^1.1.1
301 silly fetch manifest micromatch@^3.1.4
302 silly packumentCache full:https://registry.npmjs.org/micromatch cache-miss
303 silly fetch manifest normalize-path@^2.1.1
304 silly packumentCache full:https://registry.npmjs.org/normalize-path cache-hit
305 silly fetch manifest isobject@^3.0.1
306 silly packumentCache full:https://registry.npmjs.org/isobject cache-miss
307 silly fetch manifest to-regex@^3.0.1
308 silly packumentCache full:https://registry.npmjs.org/to-regex cache-miss
309 silly fetch manifest fill-range@^4.0.0
310 silly packumentCache full:https://registry.npmjs.org/fill-range cache-miss
311 silly fetch manifest snapdragon@^0.8.1
312 silly packumentCache full:https://registry.npmjs.org/snapdragon cache-miss
313 silly fetch manifest arr-flatten@^1.1.0
314 silly packumentCache full:https://registry.npmjs.org/arr-flatten cache-miss
315 silly fetch manifest array-unique@^0.3.2
316 silly packumentCache full:https://registry.npmjs.org/array-unique cache-miss
317 silly fetch manifest split-string@^3.0.2
318 silly packumentCache full:https://registry.npmjs.org/split-string cache-miss
319 silly fetch manifest extend-shallow@^2.0.1
320 silly packumentCache full:https://registry.npmjs.org/extend-shallow cache-miss
321 silly fetch manifest repeat-element@^1.1.2
322 silly packumentCache full:https://registry.npmjs.org/repeat-element cache-miss
323 silly fetch manifest snapdragon-node@^2.0.1
324 silly packumentCache full:https://registry.npmjs.org/snapdragon-node cache-miss
325 silly fetch manifest nan@^2.12.1
326 silly packumentCache full:https://registry.npmjs.org/nan cache-miss
327 silly fetch manifest bindings@^1.5.0
328 silly packumentCache full:https://registry.npmjs.org/bindings cache-miss
329 silly fetch manifest is-glob@^3.1.0
330 silly packumentCache full:https://registry.npmjs.org/is-glob cache-hit
331 silly fetch manifest path-dirname@^1.0.0
332 silly packumentCache full:https://registry.npmjs.org/path-dirname cache-miss
333 silly fetch manifest binary-extensions@^1.0.0
334 silly packumentCache full:https://registry.npmjs.org/binary-extensions cache-miss
335 http fetch GET 200 https://registry.npmjs.org/isobject 94ms (cache miss)
336 silly packumentCache full:https://registry.npmjs.org/isobject set size:undefined disposed:false
337 silly fetch manifest is-extglob@^2.1.1
338 silly packumentCache full:https://registry.npmjs.org/is-extglob cache-miss
339 http fetch GET 200 https://registry.npmjs.org/binary-extensions 93ms (cache revalidated)
340 silly packumentCache full:https://registry.npmjs.org/binary-extensions set size:51551 disposed:false
341 silly fetch manifest micromatch@^3.1.10
342 silly packumentCache full:https://registry.npmjs.org/micromatch cache-miss
343 http fetch GET 200 https://registry.npmjs.org/arr-flatten 104ms (cache miss)
344 silly packumentCache full:https://registry.npmjs.org/arr-flatten set size:undefined disposed:false
345 silly fetch manifest graceful-fs@^4.1.11
346 silly packumentCache full:https://registry.npmjs.org/graceful-fs cache-miss
347 http fetch GET 200 https://registry.npmjs.org/array-unique 106ms (cache miss)
348 silly packumentCache full:https://registry.npmjs.org/array-unique set size:undefined disposed:false
349 silly fetch manifest readable-stream@^2.0.2
350 silly packumentCache full:https://registry.npmjs.org/readable-stream cache-miss
351 http fetch GET 200 https://registry.npmjs.org/fill-range 109ms (cache revalidated)
352 silly packumentCache full:https://registry.npmjs.org/fill-range set size:90212 disposed:false
353 http fetch GET 200 https://registry.npmjs.org/micromatch 120ms (cache revalidated)
354 silly packumentCache full:https://registry.npmjs.org/micromatch set size:240630 disposed:false
355 http fetch GET 200 https://registry.npmjs.org/extend-shallow 123ms (cache miss)
356 silly packumentCache full:https://registry.npmjs.org/extend-shallow set size:undefined disposed:false
357 http fetch GET 200 https://registry.npmjs.org/snapdragon-node 131ms (cache miss)
358 silly packumentCache full:https://registry.npmjs.org/snapdragon-node set size:undefined disposed:false
359 http fetch GET 200 https://registry.npmjs.org/snapdragon 138ms (cache miss)
360 silly packumentCache full:https://registry.npmjs.org/snapdragon set size:undefined disposed:false
361 http fetch GET 200 https://registry.npmjs.org/to-regex 143ms (cache miss)
362 silly packumentCache full:https://registry.npmjs.org/to-regex set size:undefined disposed:false
363 http fetch GET 200 https://registry.npmjs.org/split-string 145ms (cache miss)
364 silly packumentCache full:https://registry.npmjs.org/split-string set size:undefined disposed:false
365 http fetch GET 200 https://registry.npmjs.org/path-dirname 143ms (cache miss)
366 silly packumentCache full:https://registry.npmjs.org/path-dirname set size:undefined disposed:false
367 http fetch GET 200 https://registry.npmjs.org/bindings 153ms (cache miss)
368 silly packumentCache full:https://registry.npmjs.org/bindings set size:undefined disposed:false
369 http cache https://registry.npmjs.org/micromatch 62ms (cache hit)
370 silly packumentCache full:https://registry.npmjs.org/micromatch set size:240630 disposed:false
371 silly packumentCache full:https://registry.npmjs.org/micromatch dispose
372 http fetch GET 200 https://registry.npmjs.org/nan 172ms (cache miss)
373 silly packumentCache full:https://registry.npmjs.org/nan set size:undefined disposed:false
374 http fetch GET 200 https://registry.npmjs.org/graceful-fs 82ms (cache miss)
375 silly packumentCache full:https://registry.npmjs.org/graceful-fs set size:undefined disposed:false
376 http fetch GET 200 https://registry.npmjs.org/readable-stream 88ms (cache miss)
377 silly packumentCache full:https://registry.npmjs.org/readable-stream set size:undefined disposed:false
378 http fetch GET 200 https://registry.npmjs.org/is-extglob 107ms (cache revalidated)
379 silly packumentCache full:https://registry.npmjs.org/is-extglob set size:11766 disposed:false
380 http fetch GET 200 https://registry.npmjs.org/repeat-element 284ms (cache miss)
381 silly packumentCache full:https://registry.npmjs.org/repeat-element set size:undefined disposed:false
382 silly placeDep ROOT micromatch@3.1.10 OK for: anymatch@2.0.0 want: ^3.1.4
383 silly placeDep node_modules/anymatch normalize-path@2.1.1 OK for: anymatch@2.0.0 want: ^2.1.1
384 silly fetch manifest extglob@^2.0.4
385 silly packumentCache full:https://registry.npmjs.org/extglob cache-miss
386 silly fetch manifest kind-of@^6.0.2
387 silly packumentCache full:https://registry.npmjs.org/kind-of cache-miss
388 silly fetch manifest arr-diff@^4.0.0
389 silly packumentCache full:https://registry.npmjs.org/arr-diff cache-miss
390 silly fetch manifest to-regex@^3.0.2
391 silly packumentCache full:https://registry.npmjs.org/to-regex cache-miss
392 silly fetch manifest nanomatch@^1.2.9
393 silly packumentCache full:https://registry.npmjs.org/nanomatch cache-miss
394 silly fetch manifest regex-not@^1.0.0
395 silly packumentCache full:https://registry.npmjs.org/regex-not cache-miss
396 silly fetch manifest object.pick@^1.3.0
397 silly packumentCache full:https://registry.npmjs.org/object.pick cache-miss
398 silly fetch manifest extend-shallow@^3.0.2
399 silly packumentCache full:https://registry.npmjs.org/extend-shallow cache-miss
400 silly fetch manifest fragment-cache@^0.2.1
401 silly packumentCache full:https://registry.npmjs.org/fragment-cache cache-miss
402 silly fetch manifest define-property@^2.0.2
403 silly packumentCache full:https://registry.npmjs.org/define-property cache-miss
404 silly fetch manifest remove-trailing-separator@^1.0.1
405 silly packumentCache full:https://registry.npmjs.org/remove-trailing-separator cache-miss
406 http cache https://registry.npmjs.org/to-regex 23ms (cache hit)
407 silly packumentCache full:https://registry.npmjs.org/to-regex set size:23376 disposed:false
408 http cache https://registry.npmjs.org/extend-shallow 24ms (cache hit)
409 silly packumentCache full:https://registry.npmjs.org/extend-shallow set size:30182 disposed:false
410 http fetch GET 200 https://registry.npmjs.org/regex-not 82ms (cache miss)
411 silly packumentCache full:https://registry.npmjs.org/regex-not set size:undefined disposed:false
412 http fetch GET 200 https://registry.npmjs.org/remove-trailing-separator 84ms (cache miss)
413 silly packumentCache full:https://registry.npmjs.org/remove-trailing-separator set size:undefined disposed:false
414 http fetch GET 200 https://registry.npmjs.org/fragment-cache 86ms (cache miss)
415 silly packumentCache full:https://registry.npmjs.org/fragment-cache set size:undefined disposed:false
416 http fetch GET 200 https://registry.npmjs.org/object.pick 88ms (cache miss)
417 silly packumentCache full:https://registry.npmjs.org/object.pick set size:undefined disposed:false
418 http fetch GET 200 https://registry.npmjs.org/define-property 89ms (cache miss)
419 silly packumentCache full:https://registry.npmjs.org/define-property set size:undefined disposed:false
420 http fetch GET 200 https://registry.npmjs.org/kind-of 94ms (cache miss)
421 silly packumentCache full:https://registry.npmjs.org/kind-of set size:undefined disposed:false
422 http fetch GET 200 https://registry.npmjs.org/arr-diff 97ms (cache miss)
423 silly packumentCache full:https://registry.npmjs.org/arr-diff set size:undefined disposed:false
424 http fetch GET 200 https://registry.npmjs.org/extglob 99ms (cache miss)
425 silly packumentCache full:https://registry.npmjs.org/extglob set size:undefined disposed:false
426 http fetch GET 200 https://registry.npmjs.org/nanomatch 101ms (cache miss)
427 silly packumentCache full:https://registry.npmjs.org/nanomatch set size:undefined disposed:false
428 silly placeDep ROOT arr-flatten@1.1.0 OK for: braces@2.3.2 want: ^1.1.0
429 silly placeDep ROOT array-unique@0.3.2 OK for: braces@2.3.2 want: ^0.3.2
430 silly placeDep ROOT extend-shallow@2.0.1 OK for: braces@2.3.2 want: ^2.0.1
431 silly placeDep ROOT fill-range@4.0.0 OK for: braces@2.3.2 want: ^4.0.0
432 silly placeDep ROOT isobject@3.0.1 OK for: braces@2.3.2 want: ^3.0.1
433 silly placeDep ROOT repeat-element@1.1.4 OK for: braces@2.3.2 want: ^1.1.2
434 silly placeDep ROOT snapdragon@0.8.2 OK for: braces@2.3.2 want: ^0.8.1
435 silly placeDep ROOT snapdragon-node@2.1.1 OK for: braces@2.3.2 want: ^2.0.1
436 silly placeDep ROOT split-string@3.1.0 OK for: braces@2.3.2 want: ^3.0.2
437 silly placeDep ROOT to-regex@3.0.2 OK for: braces@2.3.2 want: ^3.0.1
438 silly fetch manifest is-extendable@^0.1.0
439 silly packumentCache full:https://registry.npmjs.org/is-extendable cache-miss
440 silly fetch manifest is-number@^3.0.0
441 silly packumentCache full:https://registry.npmjs.org/is-number cache-miss
442 silly fetch manifest repeat-string@^1.6.1
443 silly packumentCache full:https://registry.npmjs.org/repeat-string cache-miss
444 silly fetch manifest to-regex-range@^2.1.0
445 silly packumentCache full:https://registry.npmjs.org/to-regex-range cache-miss
446 silly fetch manifest base@^0.11.1
447 silly packumentCache full:https://registry.npmjs.org/base cache-miss
448 silly fetch manifest debug@^2.2.0
449 silly packumentCache full:https://registry.npmjs.org/debug cache-hit
450 silly fetch manifest define-property@^0.2.5
451 silly packumentCache full:https://registry.npmjs.org/define-property cache-miss
452 silly fetch manifest map-cache@^0.2.2
453 silly packumentCache full:https://registry.npmjs.org/map-cache cache-miss
454 silly fetch manifest source-map@^0.5.6
455 silly packumentCache full:https://registry.npmjs.org/source-map cache-miss
456 silly fetch manifest source-map-resolve@^0.5.0
457 silly packumentCache full:https://registry.npmjs.org/source-map-resolve cache-miss
458 silly fetch manifest use@^3.1.0
459 silly packumentCache full:https://registry.npmjs.org/use cache-miss
460 silly fetch manifest define-property@^1.0.0
461 silly packumentCache full:https://registry.npmjs.org/define-property cache-miss
462 silly fetch manifest snapdragon-util@^3.0.1
463 silly packumentCache full:https://registry.npmjs.org/snapdragon-util cache-miss
464 silly fetch manifest extend-shallow@^3.0.0
465 silly packumentCache full:https://registry.npmjs.org/extend-shallow cache-hit
466 silly fetch manifest regex-not@^1.0.2
467 silly packumentCache full:https://registry.npmjs.org/regex-not cache-miss
468 silly fetch manifest safe-regex@^1.1.0
469 silly packumentCache full:https://registry.npmjs.org/safe-regex cache-miss
470 http cache https://registry.npmjs.org/regex-not 23ms (cache hit)
471 silly packumentCache full:https://registry.npmjs.org/regex-not set size:16637 disposed:false
472 http cache https://registry.npmjs.org/define-property 33ms (cache hit)
473 silly packumentCache full:https://registry.npmjs.org/define-property set size:27005 disposed:false
474 http cache https://registry.npmjs.org/define-property 36ms (cache hit)
475 silly packumentCache full:https://registry.npmjs.org/define-property set size:27005 disposed:false
476 silly packumentCache full:https://registry.npmjs.org/define-property dispose
477 http fetch GET 200 https://registry.npmjs.org/is-extendable 91ms (cache miss)
478 silly packumentCache full:https://registry.npmjs.org/is-extendable set size:undefined disposed:false
479 http fetch GET 200 https://registry.npmjs.org/use 88ms (cache miss)
480 silly packumentCache full:https://registry.npmjs.org/use set size:undefined disposed:false
481 http fetch GET 200 https://registry.npmjs.org/map-cache 91ms (cache miss)
482 silly packumentCache full:https://registry.npmjs.org/map-cache set size:undefined disposed:false
483 http fetch GET 200 https://registry.npmjs.org/source-map-resolve 94ms (cache miss)
484 silly packumentCache full:https://registry.npmjs.org/source-map-resolve set size:undefined disposed:false
485 http fetch GET 200 https://registry.npmjs.org/snapdragon-util 95ms (cache miss)
486 silly packumentCache full:https://registry.npmjs.org/snapdragon-util set size:undefined disposed:false
487 http fetch GET 200 https://registry.npmjs.org/safe-regex 91ms (cache miss)
488 silly packumentCache full:https://registry.npmjs.org/safe-regex set size:undefined disposed:false
489 http fetch GET 200 https://registry.npmjs.org/repeat-string 105ms (cache miss)
490 silly packumentCache full:https://registry.npmjs.org/repeat-string set size:undefined disposed:false
491 http fetch GET 200 https://registry.npmjs.org/is-number 107ms (cache revalidated)
492 silly packumentCache full:https://registry.npmjs.org/is-number set size:36183 disposed:false
493 http fetch GET 200 https://registry.npmjs.org/to-regex-range 108ms (cache revalidated)
494 silly packumentCache full:https://registry.npmjs.org/to-regex-range set size:61569 disposed:false
495 http fetch GET 200 https://registry.npmjs.org/source-map 110ms (cache miss)
496 silly packumentCache full:https://registry.npmjs.org/source-map set size:undefined disposed:false
497 http fetch GET 200 https://registry.npmjs.org/base 309ms (cache miss)
498 silly packumentCache full:https://registry.npmjs.org/base set size:undefined disposed:false
499 silly placeDep ROOT debug@2.6.9 OK for: connect@3.7.0 want: 2.6.9
500 silly placeDep ROOT finalhandler@1.1.2 OK for: connect@3.7.0 want: 1.1.2
501 silly placeDep ROOT parseurl@1.3.3 OK for: connect@3.7.0 want: ~1.3.3
502 silly placeDep ROOT utils-merge@1.0.1 OK for: connect@3.7.0 want: 1.0.1
503 silly fetch manifest ms@2.0.0
504 silly packumentCache full:https://registry.npmjs.org/ms cache-hit
505 silly fetch manifest unpipe@~1.0.0
506 silly packumentCache full:https://registry.npmjs.org/unpipe cache-miss
507 silly fetch manifest statuses@~1.5.0
508 silly packumentCache full:https://registry.npmjs.org/statuses cache-miss
509 silly fetch manifest encodeurl@~1.0.2
510 silly packumentCache full:https://registry.npmjs.org/encodeurl cache-miss
511 http cache https://registry.npmjs.org/statuses 10ms (cache hit)
512 silly packumentCache full:https://registry.npmjs.org/statuses set size:37117 disposed:false
513 http cache https://registry.npmjs.org/encodeurl 13ms (cache hit)
514 silly packumentCache full:https://registry.npmjs.org/encodeurl set size:12296 disposed:false
515 http fetch GET 200 https://registry.npmjs.org/unpipe 70ms (cache miss)
516 silly packumentCache full:https://registry.npmjs.org/unpipe set size:undefined disposed:false
517 silly placeDep ROOT vary@1.1.2 OK for: cors@2.8.6 want: ^1
518 silly placeDep ROOT ms@2.0.0 OK for: debug@2.6.9 want: 2.0.0
519 silly placeDep ROOT duplexer@0.1.2 OK for: event-stream@3.3.4 want: ~0.1.1
520 silly placeDep ROOT from@0.1.7 OK for: event-stream@3.3.4 want: ~0
521 silly placeDep ROOT map-stream@0.1.0 OK for: event-stream@3.3.4 want: ~0.1.0
522 silly placeDep ROOT pause-stream@0.0.11 OK for: event-stream@3.3.4 want: 0.0.11
523 silly placeDep ROOT split@0.3.3 OK for: event-stream@3.3.4 want: 0.3
524 silly placeDep ROOT stream-combiner@0.0.4 OK for: event-stream@3.3.4 want: ~0.0.4
525 silly placeDep ROOT through@2.3.8 OK for: event-stream@3.3.4 want: ~2.3.1
526 silly fetch manifest through@~2.3
527 silly packumentCache full:https://registry.npmjs.org/through cache-miss
528 silly fetch manifest through@2
529 silly packumentCache full:https://registry.npmjs.org/through cache-miss
530 http cache https://registry.npmjs.org/through 17ms (cache hit)
531 silly packumentCache full:https://registry.npmjs.org/through set size:38387 disposed:false
532 http cache https://registry.npmjs.org/through 19ms (cache hit)
533 silly packumentCache full:https://registry.npmjs.org/through set size:38387 disposed:false
534 silly packumentCache full:https://registry.npmjs.org/through dispose
535 silly placeDep ROOT is-extendable@0.1.1 OK for: extend-shallow@2.0.1 want: ^0.1.0
536 silly placeDep ROOT websocket-driver@0.7.4 OK for: faye-websocket@0.11.4 want: >=0.5.1
537 silly fetch manifest http-parser-js@>=0.5.1
538 silly packumentCache full:https://registry.npmjs.org/http-parser-js cache-miss
539 silly fetch manifest safe-buffer@>=5.1.0
540 silly packumentCache full:https://registry.npmjs.org/safe-buffer cache-miss
541 silly fetch manifest websocket-extensions@>=0.1.1
542 silly packumentCache full:https://registry.npmjs.org/websocket-extensions cache-miss
543 http fetch GET 200 https://registry.npmjs.org/websocket-extensions 62ms (cache miss)
544 silly packumentCache full:https://registry.npmjs.org/websocket-extensions set size:undefined disposed:false
545 http fetch GET 200 https://registry.npmjs.org/safe-buffer 66ms (cache miss)
546 silly packumentCache full:https://registry.npmjs.org/safe-buffer set size:undefined disposed:false
547 http fetch GET 200 https://registry.npmjs.org/http-parser-js 282ms (cache miss)
548 silly packumentCache full:https://registry.npmjs.org/http-parser-js set size:undefined disposed:false
549 silly placeDep ROOT is-number@3.0.0 OK for: fill-range@4.0.0 want: ^3.0.0
550 silly placeDep ROOT repeat-string@1.6.1 OK for: fill-range@4.0.0 want: ^1.6.1
551 silly placeDep ROOT to-regex-range@2.1.1 OK for: fill-range@4.0.0 want: ^2.1.0
552 silly fetch manifest kind-of@^3.0.2
553 silly packumentCache full:https://registry.npmjs.org/kind-of cache-miss
554 http cache https://registry.npmjs.org/kind-of 6ms (cache hit)
555 silly packumentCache full:https://registry.npmjs.org/kind-of set size:70901 disposed:false
556 silly placeDep ROOT encodeurl@1.0.2 OK for: finalhandler@1.1.2 want: ~1.0.2
557 silly placeDep ROOT escape-html@1.0.3 OK for: finalhandler@1.1.2 want: ~1.0.3
558 silly placeDep ROOT on-finished@2.3.0 OK for: finalhandler@1.1.2 want: ~2.3.0
559 silly placeDep ROOT statuses@1.5.0 OK for: finalhandler@1.1.2 want: ~1.5.0
560 silly placeDep ROOT unpipe@1.0.0 OK for: finalhandler@1.1.2 want: ~1.0.0
561 silly fetch manifest ee-first@1.1.1
562 silly packumentCache full:https://registry.npmjs.org/ee-first cache-miss
563 http fetch GET 200 https://registry.npmjs.org/ee-first 54ms (cache miss)
564 silly packumentCache full:https://registry.npmjs.org/ee-first set size:undefined disposed:false
565 silly placeDep ROOT bindings@1.5.0 OK for: fsevents@1.2.13 want: ^1.5.0
566 silly placeDep ROOT nan@2.27.0 OK for: fsevents@1.2.13 want: ^2.12.1
567 silly fetch manifest file-uri-to-path@1.0.0
568 silly packumentCache full:https://registry.npmjs.org/file-uri-to-path cache-miss
569 http fetch GET 200 https://registry.npmjs.org/file-uri-to-path 45ms (cache miss)
570 silly packumentCache full:https://registry.npmjs.org/file-uri-to-path set size:undefined disposed:false
571 silly placeDep ROOT file-uri-to-path@1.0.0 OK for: bindings@1.5.0 want: 1.0.0
572 silly placeDep node_modules/glob-parent is-glob@3.1.0 OK for: glob-parent@3.1.0 want: ^3.1.0
573 silly placeDep ROOT path-dirname@1.0.2 OK for: glob-parent@3.1.0 want: ^1.0.0
574 silly fetch manifest is-extglob@^2.1.0
575 silly packumentCache full:https://registry.npmjs.org/is-extglob cache-hit
576 silly placeDep ROOT apache-crypt@1.2.6 OK for: http-auth@3.1.3 want: ^1.1.2
577 silly placeDep ROOT apache-md5@1.1.8 OK for: http-auth@3.1.3 want: ^1.0.6
578 silly placeDep ROOT bcryptjs@2.4.3 OK for: http-auth@3.1.3 want: ^2.3.0
579 silly placeDep ROOT uuid@3.4.0 OK for: http-auth@3.1.3 want: ^3.0.0
580 silly fetch manifest unix-crypt-td-js@^1.1.4
581 silly packumentCache full:https://registry.npmjs.org/unix-crypt-td-js cache-miss
582 http fetch GET 200 https://registry.npmjs.org/unix-crypt-td-js 45ms (cache miss)
583 silly packumentCache full:https://registry.npmjs.org/unix-crypt-td-js set size:undefined disposed:false
584 silly placeDep ROOT unix-crypt-td-js@1.1.4 OK for: apache-crypt@1.2.6 want: ^1.1.4
585 silly placeDep ROOT binary-extensions@1.13.1 OK for: is-binary-path@1.0.1 want: ^1.0.0
586 silly placeDep ROOT is-extglob@2.1.1 OK for: is-glob@4.0.3 want: ^2.1.1
587 silly placeDep ROOT kind-of@3.2.2 OK for: is-number@3.0.0 want: ^3.0.2
588 silly fetch manifest is-buffer@^1.1.5
589 silly packumentCache full:https://registry.npmjs.org/is-buffer cache-miss
590 http fetch GET 200 https://registry.npmjs.org/is-buffer 48ms (cache miss)
591 silly packumentCache full:https://registry.npmjs.org/is-buffer set size:undefined disposed:false
592 silly placeDep ROOT is-buffer@1.1.6 OK for: kind-of@3.2.2 want: ^1.1.5
593 silly placeDep ROOT arr-diff@4.0.0 OK for: micromatch@3.1.10 want: ^4.0.0
594 silly placeDep ROOT define-property@2.0.2 OK for: micromatch@3.1.10 want: ^2.0.2
595 silly placeDep node_modules/micromatch extend-shallow@3.0.2 OK for: micromatch@3.1.10 want: ^3.0.2
596 silly placeDep ROOT extglob@2.0.4 OK for: micromatch@3.1.10 want: ^2.0.4
597 silly placeDep ROOT fragment-cache@0.2.1 OK for: micromatch@3.1.10 want: ^0.2.1
598 silly placeDep node_modules/micromatch kind-of@6.0.3 OK for: micromatch@3.1.10 want: ^6.0.2
599 silly placeDep ROOT nanomatch@1.2.13 OK for: micromatch@3.1.10 want: ^1.2.9
600 silly placeDep ROOT object.pick@1.3.0 OK for: micromatch@3.1.10 want: ^1.3.0
601 silly placeDep ROOT regex-not@1.0.2 OK for: micromatch@3.1.10 want: ^1.0.0
602 silly fetch manifest is-descriptor@^1.0.2
603 silly packumentCache full:https://registry.npmjs.org/is-descriptor cache-miss
604 silly fetch manifest assign-symbols@^1.0.0
605 silly packumentCache full:https://registry.npmjs.org/assign-symbols cache-miss
606 silly fetch manifest is-extendable@^1.0.1
607 silly packumentCache full:https://registry.npmjs.org/is-extendable cache-miss
608 silly fetch manifest expand-brackets@^2.1.4
609 silly packumentCache full:https://registry.npmjs.org/expand-brackets cache-miss
610 silly fetch manifest is-windows@^1.0.2
611 silly packumentCache full:https://registry.npmjs.org/is-windows cache-miss
612 http cache https://registry.npmjs.org/is-extendable 14ms (cache hit)
613 silly packumentCache full:https://registry.npmjs.org/is-extendable set size:12265 disposed:false
614 http fetch GET 200 https://registry.npmjs.org/assign-symbols 92ms (cache miss)
615 silly packumentCache full:https://registry.npmjs.org/assign-symbols set size:undefined disposed:false
616 http fetch GET 200 https://registry.npmjs.org/expand-brackets 92ms (cache miss)
617 silly packumentCache full:https://registry.npmjs.org/expand-brackets set size:undefined disposed:false
618 http fetch GET 200 https://registry.npmjs.org/is-descriptor 331ms (cache miss)
619 silly packumentCache full:https://registry.npmjs.org/is-descriptor set size:undefined disposed:false
620 http fetch GET 200 https://registry.npmjs.org/is-windows 331ms (cache miss)
621 silly packumentCache full:https://registry.npmjs.org/is-windows set size:undefined disposed:false
622 silly placeDep ROOT is-descriptor@1.0.4 OK for: define-property@2.0.2 want: ^1.0.2
623 silly fetch manifest is-data-descriptor@^1.0.1
624 silly packumentCache full:https://registry.npmjs.org/is-data-descriptor cache-miss
625 silly fetch manifest is-accessor-descriptor@^1.0.2
626 silly packumentCache full:https://registry.npmjs.org/is-accessor-descriptor cache-miss
627 http fetch GET 200 https://registry.npmjs.org/is-data-descriptor 53ms (cache miss)
628 silly packumentCache full:https://registry.npmjs.org/is-data-descriptor set size:undefined disposed:false
629 http fetch GET 200 https://registry.npmjs.org/is-accessor-descriptor 54ms (cache miss)
630 silly packumentCache full:https://registry.npmjs.org/is-accessor-descriptor set size:undefined disposed:false
631 silly placeDep node_modules/extglob define-property@1.0.0 OK for: extglob@2.0.4 want: ^1.0.0
632 silly placeDep ROOT expand-brackets@2.1.4 OK for: extglob@2.0.4 want: ^2.1.4
633 silly fetch manifest posix-character-classes@^0.1.0
634 silly packumentCache full:https://registry.npmjs.org/posix-character-classes cache-miss
635 http fetch GET 200 https://registry.npmjs.org/posix-character-classes 47ms (cache miss)
636 silly packumentCache full:https://registry.npmjs.org/posix-character-classes set size:undefined disposed:false
637 silly placeDep node_modules/expand-brackets define-property@0.2.5 OK for: expand-brackets@2.1.4 want: ^0.2.5
638 silly placeDep ROOT posix-character-classes@0.1.1 OK for: expand-brackets@2.1.4 want: ^0.1.0
639 silly fetch manifest is-descriptor@^0.1.0
640 silly packumentCache full:https://registry.npmjs.org/is-descriptor cache-miss
641 http cache https://registry.npmjs.org/is-descriptor 7ms (cache hit)
642 silly packumentCache full:https://registry.npmjs.org/is-descriptor set size:53183 disposed:false
643 silly placeDep ROOT map-cache@0.2.2 OK for: fragment-cache@0.2.1 want: ^0.2.2
644 silly placeDep ROOT is-accessor-descriptor@1.0.2 OK for: is-descriptor@1.0.4 want: ^1.0.2
645 silly placeDep ROOT is-data-descriptor@1.0.1 OK for: is-descriptor@1.0.4 want: ^1.0.1
646 silly fetch manifest hasown@^2.0.3
647 silly packumentCache full:https://registry.npmjs.org/hasown cache-miss
648 silly fetch manifest hasown@^2.0.0
649 silly packumentCache full:https://registry.npmjs.org/hasown cache-miss
650 http fetch GET 200 https://registry.npmjs.org/hasown 58ms (cache revalidated)
651 silly packumentCache full:https://registry.npmjs.org/hasown set size:15429 disposed:false
652 http fetch GET 200 https://registry.npmjs.org/hasown 61ms (cache revalidated)
653 silly packumentCache full:https://registry.npmjs.org/hasown set size:15429 disposed:false
654 silly packumentCache full:https://registry.npmjs.org/hasown dispose
655 silly placeDep ROOT hasown@2.0.3 OK for: is-accessor-descriptor@1.0.2 want: ^2.0.3
656 silly fetch manifest function-bind@^1.1.2
657 silly packumentCache full:https://registry.npmjs.org/function-bind cache-miss
658 http fetch GET 200 https://registry.npmjs.org/function-bind 52ms (cache revalidated)
659 silly packumentCache full:https://registry.npmjs.org/function-bind set size:15733 disposed:false
660 silly placeDep ROOT function-bind@1.1.2 OK for: hasown@2.0.3 want: ^1.1.2
661 silly placeDep ROOT basic-auth@2.0.1 OK for: morgan@1.10.1 want: ~2.0.1
662 silly placeDep ROOT depd@2.0.0 OK for: morgan@1.10.1 want: ~2.0.0
663 silly placeDep ROOT on-headers@1.1.0 OK for: morgan@1.10.1 want: ~1.1.0
664 silly fetch manifest safe-buffer@5.1.2
665 silly packumentCache full:https://registry.npmjs.org/safe-buffer cache-miss
666 http cache https://registry.npmjs.org/safe-buffer 9ms (cache hit)
667 silly packumentCache full:https://registry.npmjs.org/safe-buffer set size:41183 disposed:false
668 silly placeDep ROOT safe-buffer@5.1.2 OK for: basic-auth@2.0.1 want: 5.1.2
669 silly placeDep node_modules/nanomatch extend-shallow@3.0.2 OK for: nanomatch@1.2.13 want: ^3.0.2
670 silly placeDep ROOT is-windows@1.0.2 OK for: nanomatch@1.2.13 want: ^1.0.2
671 silly placeDep node_modules/nanomatch kind-of@6.0.3 OK for: nanomatch@1.2.13 want: ^6.0.2
672 silly placeDep ROOT ee-first@1.1.1 OK for: on-finished@2.3.0 want: 1.1.1
673 silly placeDep ROOT is-wsl@1.1.0 OK for: opn@6.0.0 want: ^1.1.0
674 silly placeDep ROOT graceful-fs@4.2.11 OK for: readdirp@2.2.1 want: ^4.1.11
675 silly placeDep ROOT readable-stream@2.3.8 OK for: readdirp@2.2.1 want: ^2.0.2
676 silly fetch manifest isarray@~1.0.0
677 silly packumentCache full:https://registry.npmjs.org/isarray cache-miss
678 silly fetch manifest core-util-is@~1.0.0
679 silly packumentCache full:https://registry.npmjs.org/core-util-is cache-miss
680 silly fetch manifest string_decoder@~1.1.1
681 silly packumentCache full:https://registry.npmjs.org/string_decoder cache-miss
682 silly fetch manifest util-deprecate@~1.0.1
683 silly packumentCache full:https://registry.npmjs.org/util-deprecate cache-miss
684 silly fetch manifest process-nextick-args@~2.0.0
685 silly packumentCache full:https://registry.npmjs.org/process-nextick-args cache-miss
686 http fetch GET 200 https://registry.npmjs.org/core-util-is 42ms (cache miss)
687 silly packumentCache full:https://registry.npmjs.org/core-util-is set size:undefined disposed:false
688 http fetch GET 200 https://registry.npmjs.org/util-deprecate 54ms (cache revalidated)
689 silly packumentCache full:https://registry.npmjs.org/util-deprecate set size:6674 disposed:false
690 http fetch GET 200 https://registry.npmjs.org/string_decoder 59ms (cache miss)
691 silly packumentCache full:https://registry.npmjs.org/string_decoder set size:undefined disposed:false
692 http fetch GET 200 https://registry.npmjs.org/process-nextick-args 61ms (cache miss)
693 silly packumentCache full:https://registry.npmjs.org/process-nextick-args set size:undefined disposed:false
694 http fetch GET 200 https://registry.npmjs.org/isarray 66ms (cache miss)
695 silly packumentCache full:https://registry.npmjs.org/isarray set size:undefined disposed:false
696 silly placeDep ROOT core-util-is@1.0.3 OK for: readable-stream@2.3.8 want: ~1.0.0
697 silly placeDep ROOT isarray@1.0.0 OK for: readable-stream@2.3.8 want: ~1.0.0
698 silly placeDep ROOT process-nextick-args@2.0.1 OK for: readable-stream@2.3.8 want: ~2.0.0
699 silly placeDep ROOT string_decoder@1.1.1 OK for: readable-stream@2.3.8 want: ~1.1.1
700 silly placeDep ROOT util-deprecate@1.0.2 OK for: readable-stream@2.3.8 want: ~1.0.1
701 silly placeDep node_modules/regex-not extend-shallow@3.0.2 OK for: regex-not@1.0.2 want: ^3.0.2
702 silly placeDep ROOT safe-regex@1.1.0 OK for: regex-not@1.0.2 want: ^1.1.0
703 silly fetch manifest ret@~0.1.10
704 silly packumentCache full:https://registry.npmjs.org/ret cache-miss
705 http fetch GET 200 https://registry.npmjs.org/ret 47ms (cache miss)
706 silly packumentCache full:https://registry.npmjs.org/ret set size:undefined disposed:false
707 silly placeDep ROOT ret@0.1.15 OK for: safe-regex@1.1.0 want: ~0.1.10
708 silly placeDep node_modules/send debug@4.4.3 OK for: send@1.2.1 want: ^4.4.3
709 silly placeDep node_modules/send encodeurl@2.0.0 OK for: send@1.2.1 want: ^2.0.0
710 silly placeDep ROOT etag@1.8.1 OK for: send@1.2.1 want: ^1.8.1
711 silly placeDep ROOT fresh@2.0.0 OK for: send@1.2.1 want: ^2.0.0
712 silly placeDep ROOT http-errors@2.0.1 OK for: send@1.2.1 want: ^2.0.1
713 silly placeDep ROOT mime-types@3.0.2 OK for: send@1.2.1 want: ^3.0.2
714 silly placeDep node_modules/send ms@2.1.3 OK for: send@1.2.1 want: ^2.1.3
715 silly placeDep node_modules/send on-finished@2.4.1 OK for: send@1.2.1 want: ^2.4.1
716 silly placeDep ROOT range-parser@1.2.1 OK for: send@1.2.1 want: ^1.2.1
717 silly placeDep node_modules/send statuses@2.0.2 OK for: send@1.2.1 want: ^2.0.2
718 silly fetch manifest setprototypeof@~1.2.0
719 silly packumentCache full:https://registry.npmjs.org/setprototypeof cache-miss
720 silly fetch manifest statuses@~2.0.2
721 silly packumentCache full:https://registry.npmjs.org/statuses cache-hit
722 silly fetch manifest toidentifier@~1.0.1
723 silly packumentCache full:https://registry.npmjs.org/toidentifier cache-miss
724 silly fetch manifest mime-db@^1.54.0
725 silly packumentCache full:https://registry.npmjs.org/mime-db cache-miss
726 http fetch GET 200 https://registry.npmjs.org/toidentifier 51ms (cache miss)
727 silly packumentCache full:https://registry.npmjs.org/toidentifier set size:undefined disposed:false
728 http fetch GET 200 https://registry.npmjs.org/setprototypeof 54ms (cache miss)
729 silly packumentCache full:https://registry.npmjs.org/setprototypeof set size:undefined disposed:false
730 http fetch GET 200 https://registry.npmjs.org/mime-db 487ms (cache revalidated)
731 silly packumentCache full:https://registry.npmjs.org/mime-db set size:164953 disposed:false
732 silly placeDep ROOT setprototypeof@1.2.0 OK for: http-errors@2.0.1 want: ~1.2.0
733 silly placeDep node_modules/http-errors statuses@2.0.2 OK for: http-errors@2.0.1 want: ~2.0.2
734 silly placeDep ROOT toidentifier@1.0.1 OK for: http-errors@2.0.1 want: ~1.0.1
735 silly placeDep ROOT mime-db@1.54.0 OK for: mime-types@3.0.2 want: ^1.54.0
736 silly placeDep ROOT accepts@1.3.8 OK for: serve-index@1.9.2 want: ~1.3.8
737 silly placeDep ROOT batch@0.6.1 OK for: serve-index@1.9.2 want: 0.6.1
738 silly placeDep node_modules/serve-index http-errors@1.8.1 OK for: serve-index@1.9.2 want: ~1.8.0
739 silly placeDep node_modules/serve-index mime-types@2.1.35 OK for: serve-index@1.9.2 want: ~2.1.35
740 silly fetch manifest mime-types@~2.1.34
741 silly packumentCache full:https://registry.npmjs.org/mime-types cache-hit
742 silly fetch manifest negotiator@0.6.3
743 silly packumentCache full:https://registry.npmjs.org/negotiator cache-miss
744 silly fetch manifest depd@~1.1.2
745 silly packumentCache full:https://registry.npmjs.org/depd cache-miss
746 silly fetch manifest mime-db@1.52.0
747 silly packumentCache full:https://registry.npmjs.org/mime-db cache-hit
748 http cache https://registry.npmjs.org/depd 10ms (cache hit)
749 silly packumentCache full:https://registry.npmjs.org/depd set size:40182 disposed:false
750 http fetch GET 200 https://registry.npmjs.org/negotiator 50ms (cache miss)
751 silly packumentCache full:https://registry.npmjs.org/negotiator set size:undefined disposed:false
752 silly placeDep node_modules/accepts mime-types@2.1.35 OK for: accepts@1.3.8 want: ~2.1.34
753 silly placeDep ROOT negotiator@0.6.3 OK for: accepts@1.3.8 want: 0.6.3
754 silly placeDep ROOT base@0.11.2 OK for: snapdragon@0.8.2 want: ^0.11.1
755 silly placeDep node_modules/snapdragon define-property@0.2.5 OK for: snapdragon@0.8.2 want: ^0.2.5
756 silly placeDep ROOT source-map@0.5.7 OK for: snapdragon@0.8.2 want: ^0.5.6
757 silly placeDep ROOT source-map-resolve@0.5.3 OK for: snapdragon@0.8.2 want: ^0.5.0
758 silly placeDep ROOT use@3.1.1 OK for: snapdragon@0.8.2 want: ^3.1.0
759 silly fetch manifest cache-base@^1.0.1
760 silly packumentCache full:https://registry.npmjs.org/cache-base cache-miss
761 silly fetch manifest class-utils@^0.3.5
762 silly packumentCache full:https://registry.npmjs.org/class-utils cache-miss
763 silly fetch manifest component-emitter@^1.2.1
764 silly packumentCache full:https://registry.npmjs.org/component-emitter cache-miss
765 silly fetch manifest mixin-deep@^1.2.0
766 silly packumentCache full:https://registry.npmjs.org/mixin-deep cache-miss
767 silly fetch manifest pascalcase@^0.1.1
768 silly packumentCache full:https://registry.npmjs.org/pascalcase cache-miss
769 silly fetch manifest atob@^2.1.2
770 silly packumentCache full:https://registry.npmjs.org/atob cache-miss
771 silly fetch manifest decode-uri-component@^0.2.0
772 silly packumentCache full:https://registry.npmjs.org/decode-uri-component cache-miss
773 silly fetch manifest resolve-url@^0.2.1
774 silly packumentCache full:https://registry.npmjs.org/resolve-url cache-miss
775 silly fetch manifest source-map-url@^0.4.0
776 silly packumentCache full:https://registry.npmjs.org/source-map-url cache-miss
777 silly fetch manifest urix@^0.1.0
778 silly packumentCache full:https://registry.npmjs.org/urix cache-miss
779 http fetch GET 200 https://registry.npmjs.org/class-utils 69ms (cache miss)
780 silly packumentCache full:https://registry.npmjs.org/class-utils set size:undefined disposed:false
781 http fetch GET 200 https://registry.npmjs.org/cache-base 72ms (cache miss)
782 silly packumentCache full:https://registry.npmjs.org/cache-base set size:undefined disposed:false
783 http fetch GET 200 https://registry.npmjs.org/atob 73ms (cache revalidated)
784 silly packumentCache full:https://registry.npmjs.org/atob set size:18312 disposed:false
785 http fetch GET 200 https://registry.npmjs.org/resolve-url 75ms (cache miss)
786 silly packumentCache full:https://registry.npmjs.org/resolve-url set size:undefined disposed:false
787 http fetch GET 200 https://registry.npmjs.org/source-map-url 78ms (cache miss)
788 silly packumentCache full:https://registry.npmjs.org/source-map-url set size:undefined disposed:false
789 http fetch GET 200 https://registry.npmjs.org/urix 79ms (cache miss)
790 silly packumentCache full:https://registry.npmjs.org/urix set size:undefined disposed:false
791 http fetch GET 200 https://registry.npmjs.org/decode-uri-component 80ms (cache miss)
792 silly packumentCache full:https://registry.npmjs.org/decode-uri-component set size:undefined disposed:false
793 http fetch GET 200 https://registry.npmjs.org/pascalcase 82ms (cache miss)
794 silly packumentCache full:https://registry.npmjs.org/pascalcase set size:undefined disposed:false
795 http fetch GET 200 https://registry.npmjs.org/component-emitter 85ms (cache miss)
796 silly packumentCache full:https://registry.npmjs.org/component-emitter set size:undefined disposed:false
797 http fetch GET 200 https://registry.npmjs.org/mixin-deep 86ms (cache miss)
798 silly packumentCache full:https://registry.npmjs.org/mixin-deep set size:undefined disposed:false
799 silly placeDep ROOT cache-base@1.0.1 OK for: base@0.11.2 want: ^1.0.1
800 silly placeDep ROOT class-utils@0.3.6 OK for: base@0.11.2 want: ^0.3.5
801 silly placeDep ROOT component-emitter@1.3.1 OK for: base@0.11.2 want: ^1.2.1
802 silly placeDep node_modules/base define-property@1.0.0 OK for: base@0.11.2 want: ^1.0.0
803 silly placeDep ROOT mixin-deep@1.3.2 OK for: base@0.11.2 want: ^1.2.0
804 silly placeDep ROOT pascalcase@0.1.1 OK for: base@0.11.2 want: ^0.1.1
805 silly fetch manifest collection-visit@^1.0.0
806 silly packumentCache full:https://registry.npmjs.org/collection-visit cache-miss
807 silly fetch manifest get-value@^2.0.6
808 silly packumentCache full:https://registry.npmjs.org/get-value cache-miss
809 silly fetch manifest has-value@^1.0.0
810 silly packumentCache full:https://registry.npmjs.org/has-value cache-miss
811 silly fetch manifest set-value@^2.0.0
812 silly packumentCache full:https://registry.npmjs.org/set-value cache-miss
813 silly fetch manifest to-object-path@^0.3.0
814 silly packumentCache full:https://registry.npmjs.org/to-object-path cache-miss
815 silly fetch manifest union-value@^1.0.0
816 silly packumentCache full:https://registry.npmjs.org/union-value cache-miss
817 silly fetch manifest unset-value@^1.0.0
818 silly packumentCache full:https://registry.npmjs.org/unset-value cache-miss
819 silly fetch manifest arr-union@^3.1.0
820 silly packumentCache full:https://registry.npmjs.org/arr-union cache-miss
821 silly fetch manifest static-extend@^0.1.1
822 silly packumentCache full:https://registry.npmjs.org/static-extend cache-miss
823 silly fetch manifest for-in@^1.0.2
824 silly packumentCache full:https://registry.npmjs.org/for-in cache-miss
825 http fetch GET 200 https://registry.npmjs.org/collection-visit 71ms (cache miss)
826 silly packumentCache full:https://registry.npmjs.org/collection-visit set size:undefined disposed:false
827 http fetch GET 200 https://registry.npmjs.org/get-value 74ms (cache miss)
828 silly packumentCache full:https://registry.npmjs.org/get-value set size:undefined disposed:false
829 http fetch GET 200 https://registry.npmjs.org/for-in 70ms (cache miss)
830 silly packumentCache full:https://registry.npmjs.org/for-in set size:undefined disposed:false
831 http fetch GET 200 https://registry.npmjs.org/to-object-path 78ms (cache miss)
832 silly packumentCache full:https://registry.npmjs.org/to-object-path set size:undefined disposed:false
833 http fetch GET 200 https://registry.npmjs.org/has-value 81ms (cache miss)
834 silly packumentCache full:https://registry.npmjs.org/has-value set size:undefined disposed:false
835 http fetch GET 200 https://registry.npmjs.org/static-extend 78ms (cache miss)
836 silly packumentCache full:https://registry.npmjs.org/static-extend set size:undefined disposed:false
837 http fetch GET 200 https://registry.npmjs.org/unset-value 81ms (cache miss)
838 silly packumentCache full:https://registry.npmjs.org/unset-value set size:undefined disposed:false
839 http fetch GET 200 https://registry.npmjs.org/union-value 301ms (cache miss)
840 silly packumentCache full:https://registry.npmjs.org/union-value set size:undefined disposed:false
841 http fetch GET 200 https://registry.npmjs.org/arr-union 301ms (cache miss)
842 silly packumentCache full:https://registry.npmjs.org/arr-union set size:undefined disposed:false
843 http fetch GET 200 https://registry.npmjs.org/set-value 306ms (cache miss)
844 silly packumentCache full:https://registry.npmjs.org/set-value set size:undefined disposed:false
845 silly placeDep ROOT collection-visit@1.0.0 OK for: cache-base@1.0.1 want: ^1.0.0
846 silly placeDep ROOT get-value@2.0.6 OK for: cache-base@1.0.1 want: ^2.0.6
847 silly placeDep ROOT has-value@1.0.0 OK for: cache-base@1.0.1 want: ^1.0.0
848 silly placeDep ROOT set-value@2.0.1 OK for: cache-base@1.0.1 want: ^2.0.0
849 silly placeDep ROOT to-object-path@0.3.0 OK for: cache-base@1.0.1 want: ^0.3.0
850 silly placeDep ROOT union-value@1.0.1 OK for: cache-base@1.0.1 want: ^1.0.0
851 silly placeDep ROOT unset-value@1.0.0 OK for: cache-base@1.0.1 want: ^1.0.0
852 silly fetch manifest map-visit@^1.0.0
853 silly packumentCache full:https://registry.npmjs.org/map-visit cache-miss
854 silly fetch manifest object-visit@^1.0.0
855 silly packumentCache full:https://registry.npmjs.org/object-visit cache-miss
856 silly fetch manifest has-values@^1.0.0
857 silly packumentCache full:https://registry.npmjs.org/has-values cache-miss
858 silly fetch manifest is-plain-object@^2.0.3
859 silly packumentCache full:https://registry.npmjs.org/is-plain-object cache-miss
860 silly fetch manifest has-value@^0.3.1
861 silly packumentCache full:https://registry.npmjs.org/has-value cache-miss
862 http cache https://registry.npmjs.org/has-value 12ms (cache hit)
863 silly packumentCache full:https://registry.npmjs.org/has-value set size:26861 disposed:false
864 http fetch GET 200 https://registry.npmjs.org/object-visit 58ms (cache miss)
865 silly packumentCache full:https://registry.npmjs.org/object-visit set size:undefined disposed:false
866 http fetch GET 200 https://registry.npmjs.org/has-values 59ms (cache miss)
867 silly packumentCache full:https://registry.npmjs.org/has-values set size:undefined disposed:false
868 http fetch GET 200 https://registry.npmjs.org/map-visit 62ms (cache miss)
869 silly packumentCache full:https://registry.npmjs.org/map-visit set size:undefined disposed:false
870 http fetch GET 200 https://registry.npmjs.org/is-plain-object 63ms (cache miss)
871 silly packumentCache full:https://registry.npmjs.org/is-plain-object set size:undefined disposed:false
872 silly placeDep ROOT arr-union@3.1.0 OK for: class-utils@0.3.6 want: ^3.1.0
873 silly placeDep node_modules/class-utils define-property@0.2.5 OK for: class-utils@0.3.6 want: ^0.2.5
874 silly placeDep ROOT static-extend@0.1.2 OK for: class-utils@0.3.6 want: ^0.1.1
875 silly fetch manifest object-copy@^0.1.0
876 silly packumentCache full:https://registry.npmjs.org/object-copy cache-miss
877 http fetch GET 200 https://registry.npmjs.org/object-copy 52ms (cache miss)
878 silly packumentCache full:https://registry.npmjs.org/object-copy set size:undefined disposed:false
879 silly placeDep ROOT map-visit@1.0.0 OK for: collection-visit@1.0.0 want: ^1.0.0
880 silly placeDep ROOT object-visit@1.0.1 OK for: collection-visit@1.0.0 want: ^1.0.0
881 silly placeDep ROOT has-values@1.0.0 OK for: has-value@1.0.0 want: ^1.0.0
882 silly fetch manifest kind-of@^4.0.0
883 silly packumentCache full:https://registry.npmjs.org/kind-of cache-hit
884 silly placeDep node_modules/has-values kind-of@4.0.0 OK for: has-values@1.0.0 want: ^4.0.0
885 silly placeDep ROOT for-in@1.0.2 OK for: mixin-deep@1.3.2 want: ^1.0.2
886 silly placeDep node_modules/mixin-deep is-extendable@1.0.1 OK for: mixin-deep@1.3.2 want: ^1.0.1
887 silly fetch manifest is-plain-object@^2.0.4
888 silly packumentCache full:https://registry.npmjs.org/is-plain-object cache-miss
889 http cache https://registry.npmjs.org/is-plain-object 9ms (cache hit)
890 silly packumentCache full:https://registry.npmjs.org/is-plain-object set size:47016 disposed:false
891 silly placeDep ROOT is-plain-object@2.0.4 OK for: set-value@2.0.1 want: ^2.0.3
892 silly placeDep node_modules/snapdragon-node define-property@1.0.0 OK for: snapdragon-node@2.1.1 want: ^1.0.0
893 silly placeDep ROOT snapdragon-util@3.0.1 OK for: snapdragon-node@2.1.1 want: ^3.0.1
894 silly placeDep ROOT atob@2.1.2 OK for: source-map-resolve@0.5.3 want: ^2.1.2
895 silly placeDep ROOT decode-uri-component@0.2.2 OK for: source-map-resolve@0.5.3 want: ^0.2.0
896 silly placeDep ROOT resolve-url@0.2.1 OK for: source-map-resolve@0.5.3 want: ^0.2.1
897 silly placeDep ROOT source-map-url@0.4.1 OK for: source-map-resolve@0.5.3 want: ^0.4.0
898 silly placeDep ROOT urix@0.1.0 OK for: source-map-resolve@0.5.3 want: ^0.1.0
899 silly placeDep node_modules/split-string extend-shallow@3.0.2 OK for: split-string@3.1.0 want: ^3.0.0
900 silly placeDep node_modules/static-extend define-property@0.2.5 OK for: static-extend@0.1.2 want: ^0.2.5
901 silly placeDep ROOT object-copy@0.1.0 OK for: static-extend@0.1.2 want: ^0.1.0
902 silly fetch manifest copy-descriptor@^0.1.0
903 silly packumentCache full:https://registry.npmjs.org/copy-descriptor cache-miss
904 http fetch GET 200 https://registry.npmjs.org/copy-descriptor 45ms (cache miss)
905 silly packumentCache full:https://registry.npmjs.org/copy-descriptor set size:undefined disposed:false
906 silly placeDep ROOT copy-descriptor@0.1.1 OK for: object-copy@0.1.0 want: ^0.1.0
907 silly placeDep node_modules/object-copy define-property@0.2.5 OK for: object-copy@0.1.0 want: ^0.2.5
908 silly placeDep node_modules/to-regex extend-shallow@3.0.2 OK for: to-regex@3.0.2 want: ^3.0.2
909 silly placeDep node_modules/unset-value has-value@0.3.1 OK for: unset-value@1.0.0 want: ^0.3.1
910 silly fetch manifest has-values@^0.1.4
911 silly packumentCache full:https://registry.npmjs.org/has-values cache-miss
912 silly fetch manifest isobject@^2.0.0
913 silly packumentCache full:https://registry.npmjs.org/isobject cache-miss
914 http cache https://registry.npmjs.org/has-values 8ms (cache hit)
915 silly packumentCache full:https://registry.npmjs.org/has-values set size:20840 disposed:false
916 http cache https://registry.npmjs.org/isobject 9ms (cache hit)
917 silly packumentCache full:https://registry.npmjs.org/isobject set size:26140 disposed:false
918 silly placeDep ROOT http-parser-js@0.5.10 OK for: websocket-driver@0.7.4 want: >=0.5.1
919 silly placeDep ROOT websocket-extensions@0.1.4 OK for: websocket-driver@0.7.4 want: >=0.1.1
920 silly placeDep node_modules/accepts mime-db@1.52.0 OK for: mime-types@2.1.35 want: 1.52.0
921 silly placeDep ROOT remove-trailing-separator@1.1.0 OK for: normalize-path@2.1.1 want: ^1.0.1
922 silly placeDep node_modules/class-utils is-descriptor@0.1.8 OK for: define-property@0.2.5 want: ^0.1.0
923 silly placeDep node_modules/expand-brackets is-descriptor@0.1.8 OK for: define-property@0.2.5 want: ^0.1.0
924 silly placeDep ROOT assign-symbols@1.0.0 OK for: extend-shallow@3.0.2 want: ^1.0.0
925 silly placeDep node_modules/micromatch is-extendable@1.0.1 OK for: extend-shallow@3.0.2 want: ^1.0.1
926 silly placeDep node_modules/nanomatch is-extendable@1.0.1 OK for: extend-shallow@3.0.2 want: ^1.0.1
927 silly placeDep node_modules/object-copy is-descriptor@0.1.8 OK for: define-property@0.2.5 want: ^0.1.0
928 silly placeDep node_modules/regex-not is-extendable@1.0.1 OK for: extend-shallow@3.0.2 want: ^1.0.1
929 silly placeDep node_modules/serve-index depd@1.1.2 OK for: http-errors@1.8.1 want: ~1.1.2
930 silly placeDep node_modules/serve-index mime-db@1.52.0 OK for: mime-types@2.1.35 want: 1.52.0
931 silly placeDep node_modules/snapdragon is-descriptor@0.1.8 OK for: define-property@0.2.5 want: ^0.1.0
932 silly placeDep node_modules/split-string is-extendable@1.0.1 OK for: extend-shallow@3.0.2 want: ^1.0.1
933 silly placeDep node_modules/static-extend is-descriptor@0.1.8 OK for: define-property@0.2.5 want: ^0.1.0
934 silly placeDep node_modules/to-regex is-extendable@1.0.1 OK for: extend-shallow@3.0.2 want: ^1.0.1
935 silly placeDep node_modules/unset-value has-values@0.1.4 OK for: has-value@0.3.1 want: ^0.1.4
936 silly placeDep node_modules/unset-value/node_modules/has-value isobject@2.1.0 OK for: has-value@0.3.1 want: ^2.0.0
937 silly reify moves {}
938 silly audit bulk request {
938 silly audit   'live-server': [ '1.2.2' ],
938 silly audit   chokidar: [ '2.1.8' ],
938 silly audit   colors: [ '1.4.0' ],
938 silly audit   connect: [ '3.7.0' ],
938 silly audit   cors: [ '2.8.6' ],
938 silly audit   'event-stream': [ '3.3.4' ],
938 silly audit   'faye-websocket': [ '0.11.4' ],
938 silly audit   'http-auth': [ '3.1.3' ],
938 silly audit   morgan: [ '1.10.1' ],
938 silly audit   'object-assign': [ '4.1.1' ],
938 silly audit   opn: [ '6.0.0' ],
938 silly audit   'proxy-middleware': [ '0.15.0' ],
938 silly audit   send: [ '1.2.1' ],
938 silly audit   'serve-index': [ '1.9.2' ],
938 silly audit   anymatch: [ '2.0.0' ],
938 silly audit   'async-each': [ '1.0.6' ],
938 silly audit   braces: [ '2.3.2' ],
938 silly audit   fsevents: [ '1.2.13' ],
938 silly audit   'glob-parent': [ '3.1.0' ],
938 silly audit   inherits: [ '2.0.4' ],
938 silly audit   'is-binary-path': [ '1.0.1' ],
938 silly audit   'is-glob': [ '4.0.3', '3.1.0' ],
938 silly audit   'normalize-path': [ '3.0.0', '2.1.1' ],
938 silly audit   'path-is-absolute': [ '1.0.1' ],
938 silly audit   readdirp: [ '2.2.1' ],
938 silly audit   upath: [ '1.2.0' ],
938 silly audit   micromatch: [ '3.1.10' ],
938 silly audit   'arr-flatten': [ '1.1.0' ],
938 silly audit   'array-unique': [ '0.3.2' ],
938 silly audit   'extend-shallow': [ '2.0.1', '3.0.2' ],
938 silly audit   'fill-range': [ '4.0.0' ],
938 silly audit   isobject: [ '3.0.1', '2.1.0' ],
938 silly audit   'repeat-element': [ '1.1.4' ],
938 silly audit   snapdragon: [ '0.8.2' ],
938 silly audit   'snapdragon-node': [ '2.1.1' ],
938 silly audit   'split-string': [ '3.1.0' ],
938 silly audit   'to-regex': [ '3.0.2' ],
938 silly audit   debug: [ '2.6.9', '4.4.3' ],
938 silly audit   finalhandler: [ '1.1.2' ],
938 silly audit   parseurl: [ '1.3.3' ],
938 silly audit   'utils-merge': [ '1.0.1' ],
938 silly audit   vary: [ '1.1.2' ],
938 silly audit   ms: [ '2.0.0', '2.1.3' ],
938 silly audit   duplexer: [ '0.1.2' ],
938 silly audit   from: [ '0.1.7' ],
938 silly audit   'map-stream': [ '0.1.0' ],
938 silly audit   'pause-stream': [ '0.0.11' ],
938 silly audit   split: [ '0.3.3' ],
938 silly audit   'stream-combiner': [ '0.0.4' ],
938 silly audit   through: [ '2.3.8' ],
938 silly audit   'is-extendable': [ '0.1.1', '1.0.1' ],
938 silly audit   'websocket-driver': [ '0.7.4' ],
938 silly audit   'is-number': [ '3.0.0' ],
938 silly audit   'repeat-string': [ '1.6.1' ],
938 silly audit   'to-regex-range': [ '2.1.1' ],
938 silly audit   encodeurl: [ '1.0.2', '2.0.0' ],
938 silly audit   'escape-html': [ '1.0.3' ],
938 silly audit   'on-finished': [ '2.3.0', '2.4.1' ],
938 silly audit   statuses: [ '1.5.0', '2.0.2' ],
938 silly audit   unpipe: [ '1.0.0' ],
938 silly audit   bindings: [ '1.5.0' ],
938 silly audit   nan: [ '2.27.0' ],
938 silly audit   'file-uri-to-path': [ '1.0.0' ],
938 silly audit   'path-dirname': [ '1.0.2' ],
938 silly audit   'apache-crypt': [ '1.2.6' ],
938 silly audit   'apache-md5': [ '1.1.8' ],
938 silly audit   bcryptjs: [ '2.4.3' ],
938 silly audit   uuid: [ '3.4.0' ],
938 silly audit   'unix-crypt-td-js': [ '1.1.4' ],
938 silly audit   'binary-extensions': [ '1.13.1' ],
938 silly audit   'is-extglob': [ '2.1.1' ],
938 silly audit   'kind-of': [ '3.2.2', '6.0.3', '4.0.0' ],
938 silly audit   'is-buffer': [ '1.1.6' ],
938 silly audit   'arr-diff': [ '4.0.0' ],
938 silly audit   'define-property': [ '2.0.2', '1.0.0', '0.2.5' ],
938 silly audit   extglob: [ '2.0.4' ],
938 silly audit   'fragment-cache': [ '0.2.1' ],
938 silly audit   nanomatch: [ '1.2.13' ],
938 silly audit   'object.pick': [ '1.3.0' ],
938 silly audit   'regex-not': [ '1.0.2' ],
938 silly audit   'is-descriptor': [ '1.0.4', '0.1.8' ],
938 silly audit   'expand-brackets': [ '2.1.4' ],
938 silly audit   'posix-character-classes': [ '0.1.1' ],
938 silly audit   'map-cache': [ '0.2.2' ],
938 silly audit   'is-accessor-descriptor': [ '1.0.2' ],
938 silly audit   'is-data-descriptor': [ '1.0.1' ],
938 silly audit   hasown: [ '2.0.3' ],
938 silly audit   'function-bind': [ '1.1.2' ],
938 silly audit   'basic-auth': [ '2.0.1' ],
938 silly audit   depd: [ '2.0.0', '1.1.2' ],
938 silly audit   'on-headers': [ '1.1.0' ],
938 silly audit   'safe-buffer': [ '5.1.2' ],
938 silly audit   'is-windows': [ '1.0.2' ],
938 silly audit   'ee-first': [ '1.1.1' ],
938 silly audit   'is-wsl': [ '1.1.0' ],
938 silly audit   'graceful-fs': [ '4.2.11' ],
938 silly audit   'readable-stream': [ '2.3.8' ],
938 silly audit   'core-util-is': [ '1.0.3' ],
938 silly audit   isarray: [ '1.0.0' ],
938 silly audit   'process-nextick-args': [ '2.0.1' ],
938 silly audit   string_decoder: [ '1.1.1' ],
938 silly audit   'util-deprecate': [ '1.0.2' ],
938 silly audit   'safe-regex': [ '1.1.0' ],
938 silly audit   ret: [ '0.1.15' ],
938 silly audit   etag: [ '1.8.1' ],
938 silly audit   fresh: [ '2.0.0' ],
938 silly audit   'http-errors': [ '2.0.1', '1.8.1' ],
938 silly audit   'mime-types': [ '3.0.2', '2.1.35' ],
938 silly audit   'range-parser': [ '1.2.1' ],
938 silly audit   setprototypeof: [ '1.2.0' ],
938 silly audit   toidentifier: [ '1.0.1' ],
938 silly audit   'mime-db': [ '1.54.0', '1.52.0' ],
938 silly audit   accepts: [ '1.3.8' ],
938 silly audit   batch: [ '0.6.1' ],
938 silly audit   negotiator: [ '0.6.3' ],
938 silly audit   base: [ '0.11.2' ],
938 silly audit   'source-map': [ '0.5.7' ],
938 silly audit   'source-map-resolve': [ '0.5.3' ],
938 silly audit   use: [ '3.1.1' ],
938 silly audit   'cache-base': [ '1.0.1' ],
938 silly audit   'class-utils': [ '0.3.6' ],
938 silly audit   'component-emitter': [ '1.3.1' ],
938 silly audit   'mixin-deep': [ '1.3.2' ],
938 silly audit   pascalcase: [ '0.1.1' ],
938 silly audit   'collection-visit': [ '1.0.0' ],
938 silly audit   'get-value': [ '2.0.6' ],
938 silly audit   'has-value': [ '1.0.0', '0.3.1' ],
938 silly audit   'set-value': [ '2.0.1' ],
938 silly audit   'to-object-path': [ '0.3.0' ],
938 silly audit   'union-value': [ '1.0.1' ],
938 silly audit   'unset-value': [ '1.0.0' ],
938 silly audit   'arr-union': [ '3.1.0' ],
938 silly audit   'static-extend': [ '0.1.2' ],
938 silly audit   'map-visit': [ '1.0.0' ],
938 silly audit   'object-visit': [ '1.0.1' ],
938 silly audit   'has-values': [ '1.0.0', '0.1.4' ],
938 silly audit   'for-in': [ '1.0.2' ],
938 silly audit   'is-plain-object': [ '2.0.4' ],
938 silly audit   'snapdragon-util': [ '3.0.1' ],
938 silly audit   atob: [ '2.1.2' ],
938 silly audit   'decode-uri-component': [ '0.2.2' ],
938 silly audit   'resolve-url': [ '0.2.1' ],
938 silly audit   'source-map-url': [ '0.4.1' ],
938 silly audit   urix: [ '0.1.0' ],
938 silly audit   'object-copy': [ '0.1.0' ],
938 silly audit   'copy-descriptor': [ '0.1.1' ],
938 silly audit   'http-parser-js': [ '0.5.10' ],
938 silly audit   'websocket-extensions': [ '0.1.4' ],
938 silly audit   'remove-trailing-separator': [ '1.1.0' ],
938 silly audit   'assign-symbols': [ '1.0.0' ]
938 silly audit }
939 http cache assign-symbols@https://registry.npmjs.org/assign-symbols/-/assign-symbols-1.0.0.tgz 1ms (cache hit)
940 http cache websocket-extensions@https://registry.npmjs.org/websocket-extensions/-/websocket-extensions-0.1.4.tgz 0ms (cache hit)
941 http cache copy-descriptor@https://registry.npmjs.org/copy-descriptor/-/copy-descriptor-0.1.1.tgz 0ms (cache hit)
942 http cache http-parser-js@https://registry.npmjs.org/http-parser-js/-/http-parser-js-0.5.10.tgz 0ms (cache hit)
943 http cache urix@https://registry.npmjs.org/urix/-/urix-0.1.0.tgz 0ms (cache hit)
944 http cache object-copy@https://registry.npmjs.org/object-copy/-/object-copy-0.1.0.tgz 0ms (cache hit)
945 http cache remove-trailing-separator@https://registry.npmjs.org/remove-trailing-separator/-/remove-trailing-separator-1.1.0.tgz 0ms (cache hit)
946 http cache source-map-url@https://registry.npmjs.org/source-map-url/-/source-map-url-0.4.1.tgz 0ms (cache hit)
947 http cache resolve-url@https://registry.npmjs.org/resolve-url/-/resolve-url-0.2.1.tgz 0ms (cache hit)
948 http cache decode-uri-component@https://registry.npmjs.org/decode-uri-component/-/decode-uri-component-0.2.2.tgz 0ms (cache hit)
949 http cache atob@https://registry.npmjs.org/atob/-/atob-2.1.2.tgz 0ms (cache hit)
950 http cache snapdragon-util@https://registry.npmjs.org/snapdragon-util/-/snapdragon-util-3.0.1.tgz 0ms (cache hit)
951 http cache for-in@https://registry.npmjs.org/for-in/-/for-in-1.0.2.tgz 0ms (cache hit)
952 http cache object-visit@https://registry.npmjs.org/object-visit/-/object-visit-1.0.1.tgz 0ms (cache hit)
953 http cache is-plain-object@https://registry.npmjs.org/is-plain-object/-/is-plain-object-2.0.4.tgz 0ms (cache hit)
954 http cache map-visit@https://registry.npmjs.org/map-visit/-/map-visit-1.0.0.tgz 0ms (cache hit)
955 http cache static-extend@https://registry.npmjs.org/static-extend/-/static-extend-0.1.2.tgz 0ms (cache hit)
956 http cache unset-value@https://registry.npmjs.org/unset-value/-/unset-value-1.0.0.tgz 0ms (cache hit)
957 http cache union-value@https://registry.npmjs.org/union-value/-/union-value-1.0.1.tgz 0ms (cache hit)
958 http cache to-object-path@https://registry.npmjs.org/to-object-path/-/to-object-path-0.3.0.tgz 0ms (cache hit)
959 http cache arr-union@https://registry.npmjs.org/arr-union/-/arr-union-3.1.0.tgz 0ms (cache hit)
960 http cache has-values@https://registry.npmjs.org/has-values/-/has-values-1.0.0.tgz 0ms (cache hit)
961 http cache has-value@https://registry.npmjs.org/has-value/-/has-value-1.0.0.tgz 0ms (cache hit)
962 http cache collection-visit@https://registry.npmjs.org/collection-visit/-/collection-visit-1.0.0.tgz 0ms (cache hit)
963 http cache get-value@https://registry.npmjs.org/get-value/-/get-value-2.0.6.tgz 0ms (cache hit)
964 http cache mixin-deep@https://registry.npmjs.org/mixin-deep/-/mixin-deep-1.3.2.tgz 0ms (cache hit)
965 http cache component-emitter@https://registry.npmjs.org/component-emitter/-/component-emitter-1.3.1.tgz 0ms (cache hit)
966 http cache cache-base@https://registry.npmjs.org/cache-base/-/cache-base-1.0.1.tgz 0ms (cache hit)
967 http cache use@https://registry.npmjs.org/use/-/use-3.1.1.tgz 0ms (cache hit)
968 http cache source-map-resolve@https://registry.npmjs.org/source-map-resolve/-/source-map-resolve-0.5.3.tgz 0ms (cache hit)
969 http cache source-map@https://registry.npmjs.org/source-map/-/source-map-0.5.7.tgz 0ms (cache hit)
970 http cache class-utils@https://registry.npmjs.org/class-utils/-/class-utils-0.3.6.tgz 0ms (cache hit)
971 http cache negotiator@https://registry.npmjs.org/negotiator/-/negotiator-0.6.3.tgz 0ms (cache hit)
972 http cache batch@https://registry.npmjs.org/batch/-/batch-0.6.1.tgz 0ms (cache hit)
973 http cache base@https://registry.npmjs.org/base/-/base-0.11.2.tgz 0ms (cache hit)
974 http cache accepts@https://registry.npmjs.org/accepts/-/accepts-1.3.8.tgz 0ms (cache hit)
975 http cache mime-db@https://registry.npmjs.org/mime-db/-/mime-db-1.54.0.tgz 0ms (cache hit)
976 http cache toidentifier@https://registry.npmjs.org/toidentifier/-/toidentifier-1.0.1.tgz 0ms (cache hit)
977 http cache set-value@https://registry.npmjs.org/set-value/-/set-value-2.0.1.tgz 0ms (cache hit)
978 http cache range-parser@https://registry.npmjs.org/range-parser/-/range-parser-1.2.1.tgz 0ms (cache hit)
979 http cache setprototypeof@https://registry.npmjs.org/setprototypeof/-/setprototypeof-1.2.0.tgz 0ms (cache hit)
980 http cache http-errors@https://registry.npmjs.org/http-errors/-/http-errors-2.0.1.tgz 0ms (cache hit)
981 http cache fresh@https://registry.npmjs.org/fresh/-/fresh-2.0.0.tgz 0ms (cache hit)
982 http cache etag@https://registry.npmjs.org/etag/-/etag-1.8.1.tgz 0ms (cache hit)
983 http cache ret@https://registry.npmjs.org/ret/-/ret-0.1.15.tgz 0ms (cache hit)
984 http cache mime-types@https://registry.npmjs.org/mime-types/-/mime-types-3.0.2.tgz 0ms (cache hit)
985 http cache pascalcase@https://registry.npmjs.org/pascalcase/-/pascalcase-0.1.1.tgz 0ms (cache hit)
986 http cache util-deprecate@https://registry.npmjs.org/util-deprecate/-/util-deprecate-1.0.2.tgz 0ms (cache hit)
987 http cache string_decoder@https://registry.npmjs.org/string_decoder/-/string_decoder-1.1.1.tgz 0ms (cache hit)
988 http cache isarray@https://registry.npmjs.org/isarray/-/isarray-1.0.0.tgz 0ms (cache hit)
989 http cache core-util-is@https://registry.npmjs.org/core-util-is/-/core-util-is-1.0.3.tgz 0ms (cache hit)
990 http cache safe-regex@https://registry.npmjs.org/safe-regex/-/safe-regex-1.1.0.tgz 0ms (cache hit)
991 http cache is-wsl@https://registry.npmjs.org/is-wsl/-/is-wsl-1.1.0.tgz 0ms (cache hit)
992 http cache process-nextick-args@https://registry.npmjs.org/process-nextick-args/-/process-nextick-args-2.0.1.tgz 0ms (cache hit)
993 http cache readable-stream@https://registry.npmjs.org/readable-stream/-/readable-stream-2.3.8.tgz 0ms (cache hit)
994 http cache graceful-fs@https://registry.npmjs.org/graceful-fs/-/graceful-fs-4.2.11.tgz 0ms (cache hit)
995 http cache is-windows@https://registry.npmjs.org/is-windows/-/is-windows-1.0.2.tgz 0ms (cache hit)
996 http cache safe-buffer@https://registry.npmjs.org/safe-buffer/-/safe-buffer-5.1.2.tgz 0ms (cache hit)
997 http cache ee-first@https://registry.npmjs.org/ee-first/-/ee-first-1.1.1.tgz 0ms (cache hit)
998 http cache depd@https://registry.npmjs.org/depd/-/depd-2.0.0.tgz 0ms (cache hit)
999 http cache function-bind@https://registry.npmjs.org/function-bind/-/function-bind-1.1.2.tgz 0ms (cache hit)
1000 http cache on-headers@https://registry.npmjs.org/on-headers/-/on-headers-1.1.0.tgz 0ms (cache hit)
1001 http cache basic-auth@https://registry.npmjs.org/basic-auth/-/basic-auth-2.0.1.tgz 0ms (cache hit)
1002 http cache is-data-descriptor@https://registry.npmjs.org/is-data-descriptor/-/is-data-descriptor-1.0.1.tgz 0ms (cache hit)
1003 http cache is-accessor-descriptor@https://registry.npmjs.org/is-accessor-descriptor/-/is-accessor-descriptor-1.0.2.tgz 0ms (cache hit)
1004 http cache map-cache@https://registry.npmjs.org/map-cache/-/map-cache-0.2.2.tgz 0ms (cache hit)
1005 http cache hasown@https://registry.npmjs.org/hasown/-/hasown-2.0.3.tgz 0ms (cache hit)
1006 http cache expand-brackets@https://registry.npmjs.org/expand-brackets/-/expand-brackets-2.1.4.tgz 0ms (cache hit)
1007 http cache is-descriptor@https://registry.npmjs.org/is-descriptor/-/is-descriptor-1.0.4.tgz 0ms (cache hit)
1008 http cache posix-character-classes@https://registry.npmjs.org/posix-character-classes/-/posix-character-classes-0.1.1.tgz 0ms (cache hit)
1009 http cache object.pick@https://registry.npmjs.org/object.pick/-/object.pick-1.3.0.tgz 0ms (cache hit)
1010 http cache regex-not@https://registry.npmjs.org/regex-not/-/regex-not-1.0.2.tgz 0ms (cache hit)
1011 http cache nanomatch@https://registry.npmjs.org/nanomatch/-/nanomatch-1.2.13.tgz 0ms (cache hit)
1012 http cache extglob@https://registry.npmjs.org/extglob/-/extglob-2.0.4.tgz 0ms (cache hit)
1013 http cache fragment-cache@https://registry.npmjs.org/fragment-cache/-/fragment-cache-0.2.1.tgz 0ms (cache hit)
1014 http cache arr-diff@https://registry.npmjs.org/arr-diff/-/arr-diff-4.0.0.tgz 0ms (cache hit)
1015 http cache kind-of@https://registry.npmjs.org/kind-of/-/kind-of-3.2.2.tgz 0ms (cache hit)
1016 http cache define-property@https://registry.npmjs.org/define-property/-/define-property-2.0.2.tgz 0ms (cache hit)
1017 http cache is-extglob@https://registry.npmjs.org/is-extglob/-/is-extglob-2.1.1.tgz 0ms (cache hit)
1018 http cache is-buffer@https://registry.npmjs.org/is-buffer/-/is-buffer-1.1.6.tgz 0ms (cache hit)
1019 http cache binary-extensions@https://registry.npmjs.org/binary-extensions/-/binary-extensions-1.13.1.tgz 0ms (cache hit)
1020 http cache unix-crypt-td-js@https://registry.npmjs.org/unix-crypt-td-js/-/unix-crypt-td-js-1.1.4.tgz 0ms (cache hit)
1021 http cache uuid@https://registry.npmjs.org/uuid/-/uuid-3.4.0.tgz 0ms (cache hit)
1022 http cache bcryptjs@https://registry.npmjs.org/bcryptjs/-/bcryptjs-2.4.3.tgz 0ms (cache hit)
1023 http cache apache-md5@https://registry.npmjs.org/apache-md5/-/apache-md5-1.1.8.tgz 0ms (cache hit)
1024 http cache path-dirname@https://registry.npmjs.org/path-dirname/-/path-dirname-1.0.2.tgz 0ms (cache hit)
1025 http cache apache-crypt@https://registry.npmjs.org/apache-crypt/-/apache-crypt-1.2.6.tgz 0ms (cache hit)
1026 http cache statuses@https://registry.npmjs.org/statuses/-/statuses-1.5.0.tgz 0ms (cache hit)
1027 http cache on-finished@https://registry.npmjs.org/on-finished/-/on-finished-2.3.0.tgz 0ms (cache hit)
1028 http cache encodeurl@https://registry.npmjs.org/encodeurl/-/encodeurl-1.0.2.tgz 0ms (cache hit)
1029 http cache to-regex-range@https://registry.npmjs.org/to-regex-range/-/to-regex-range-2.1.1.tgz 0ms (cache hit)
1030 http cache unpipe@https://registry.npmjs.org/unpipe/-/unpipe-1.0.0.tgz 0ms (cache hit)
1031 http cache escape-html@https://registry.npmjs.org/escape-html/-/escape-html-1.0.3.tgz 0ms (cache hit)
1032 http cache is-number@https://registry.npmjs.org/is-number/-/is-number-3.0.0.tgz 0ms (cache hit)
1033 http cache repeat-string@https://registry.npmjs.org/repeat-string/-/repeat-string-1.6.1.tgz 0ms (cache hit)
1034 http cache through@https://registry.npmjs.org/through/-/through-2.3.8.tgz 0ms (cache hit)
1035 http cache is-extendable@https://registry.npmjs.org/is-extendable/-/is-extendable-0.1.1.tgz 0ms (cache hit)
1036 http cache stream-combiner@https://registry.npmjs.org/stream-combiner/-/stream-combiner-0.0.4.tgz 0ms (cache hit)
1037 http cache map-stream@https://registry.npmjs.org/map-stream/-/map-stream-0.1.0.tgz 0ms (cache hit)
1038 http cache split@https://registry.npmjs.org/split/-/split-0.3.3.tgz 0ms (cache hit)
1039 http cache from@https://registry.npmjs.org/from/-/from-0.1.7.tgz 0ms (cache hit)
1040 http cache pause-stream@https://registry.npmjs.org/pause-stream/-/pause-stream-0.0.11.tgz 0ms (cache hit)
1041 http cache ms@https://registry.npmjs.org/ms/-/ms-2.0.0.tgz 0ms (cache hit)
1042 http cache vary@https://registry.npmjs.org/vary/-/vary-1.1.2.tgz 0ms (cache hit)
1043 http cache parseurl@https://registry.npmjs.org/parseurl/-/parseurl-1.3.3.tgz 0ms (cache hit)
1044 http cache utils-merge@https://registry.npmjs.org/utils-merge/-/utils-merge-1.0.1.tgz 0ms (cache hit)
1045 http cache finalhandler@https://registry.npmjs.org/finalhandler/-/finalhandler-1.1.2.tgz 0ms (cache hit)
1046 http cache debug@https://registry.npmjs.org/debug/-/debug-2.6.9.tgz 0ms (cache hit)
1047 http cache split-string@https://registry.npmjs.org/split-string/-/split-string-3.1.0.tgz 0ms (cache hit)
1048 http cache duplexer@https://registry.npmjs.org/duplexer/-/duplexer-0.1.2.tgz 0ms (cache hit)
1049 http cache to-regex@https://registry.npmjs.org/to-regex/-/to-regex-3.0.2.tgz 0ms (cache hit)
1050 http cache snapdragon-node@https://registry.npmjs.org/snapdragon-node/-/snapdragon-node-2.1.1.tgz 0ms (cache hit)
1051 http cache fill-range@https://registry.npmjs.org/fill-range/-/fill-range-4.0.0.tgz 0ms (cache hit)
1052 http cache snapdragon@https://registry.npmjs.org/snapdragon/-/snapdragon-0.8.2.tgz 0ms (cache hit)
1053 http cache isobject@https://registry.npmjs.org/isobject/-/isobject-3.0.1.tgz 0ms (cache hit)
1054 http cache extend-shallow@https://registry.npmjs.org/extend-shallow/-/extend-shallow-2.0.1.tgz 0ms (cache hit)
1055 http cache array-unique@https://registry.npmjs.org/array-unique/-/array-unique-0.3.2.tgz 0ms (cache hit)
1056 http cache arr-flatten@https://registry.npmjs.org/arr-flatten/-/arr-flatten-1.1.0.tgz 0ms (cache hit)
1057 http cache micromatch@https://registry.npmjs.org/micromatch/-/micromatch-3.1.10.tgz 0ms (cache hit)
1058 http cache websocket-driver@https://registry.npmjs.org/websocket-driver/-/websocket-driver-0.7.4.tgz 0ms (cache hit)
1059 http cache upath@https://registry.npmjs.org/upath/-/upath-1.2.0.tgz 0ms (cache hit)
1060 http cache repeat-element@https://registry.npmjs.org/repeat-element/-/repeat-element-1.1.4.tgz 0ms (cache hit)
1061 http cache readdirp@https://registry.npmjs.org/readdirp/-/readdirp-2.2.1.tgz 0ms (cache hit)
1062 http cache normalize-path@https://registry.npmjs.org/normalize-path/-/normalize-path-3.0.0.tgz 0ms (cache hit)
1063 http cache path-is-absolute@https://registry.npmjs.org/path-is-absolute/-/path-is-absolute-1.0.1.tgz 0ms (cache hit)
1064 http cache is-binary-path@https://registry.npmjs.org/is-binary-path/-/is-binary-path-1.0.1.tgz 0ms (cache hit)
1065 http cache inherits@https://registry.npmjs.org/inherits/-/inherits-2.0.4.tgz 0ms (cache hit)
1066 http cache is-glob@https://registry.npmjs.org/is-glob/-/is-glob-4.0.3.tgz 0ms (cache hit)
1067 http cache async-each@https://registry.npmjs.org/async-each/-/async-each-1.0.6.tgz 0ms (cache hit)
1068 http cache braces@https://registry.npmjs.org/braces/-/braces-2.3.2.tgz 0ms (cache hit)
1069 http cache glob-parent@https://registry.npmjs.org/glob-parent/-/glob-parent-3.1.0.tgz 0ms (cache hit)
1070 http cache anymatch@https://registry.npmjs.org/anymatch/-/anymatch-2.0.0.tgz 0ms (cache hit)
1071 http cache serve-index@https://registry.npmjs.org/serve-index/-/serve-index-1.9.2.tgz 0ms (cache hit)
1072 http cache send@https://registry.npmjs.org/send/-/send-1.2.1.tgz 0ms (cache hit)
1073 http cache proxy-middleware@https://registry.npmjs.org/proxy-middleware/-/proxy-middleware-0.15.0.tgz 0ms (cache hit)
1074 http cache opn@https://registry.npmjs.org/opn/-/opn-6.0.0.tgz 0ms (cache hit)
1075 http cache object-assign@https://registry.npmjs.org/object-assign/-/object-assign-4.1.1.tgz 0ms (cache hit)
1076 http cache http-auth@https://registry.npmjs.org/http-auth/-/http-auth-3.1.3.tgz 0ms (cache hit)
1077 http cache event-stream@https://registry.npmjs.org/event-stream/-/event-stream-3.3.4.tgz 0ms (cache hit)
1078 http cache faye-websocket@https://registry.npmjs.org/faye-websocket/-/faye-websocket-0.11.4.tgz 0ms (cache hit)
1079 http cache connect@https://registry.npmjs.org/connect/-/connect-3.7.0.tgz 0ms (cache hit)
1080 http cache colors@https://registry.npmjs.org/colors/-/colors-1.4.0.tgz 0ms (cache hit)
1081 http cache cors@https://registry.npmjs.org/cors/-/cors-2.8.6.tgz 0ms (cache hit)
1082 http cache live-server@https://registry.npmjs.org/live-server/-/live-server-1.2.2.tgz 0ms (cache hit)
1083 http cache chokidar@https://registry.npmjs.org/chokidar/-/chokidar-2.1.8.tgz 0ms (cache hit)
1084 http cache is-descriptor@https://registry.npmjs.org/is-descriptor/-/is-descriptor-0.1.8.tgz 0ms (cache hit)
1085 http cache morgan@https://registry.npmjs.org/morgan/-/morgan-1.10.1.tgz 0ms (cache hit)
1086 http cache has-values@https://registry.npmjs.org/has-values/-/has-values-0.1.4.tgz 0ms (cache hit)
1087 http cache define-property@https://registry.npmjs.org/define-property/-/define-property-0.2.5.tgz 0ms (cache hit)
1088 http cache isobject@https://registry.npmjs.org/isobject/-/isobject-2.1.0.tgz 0ms (cache hit)
1089 http cache define-property@https://registry.npmjs.org/define-property/-/define-property-0.2.5.tgz 0ms (cache hit)
1090 http cache kind-of@https://registry.npmjs.org/kind-of/-/kind-of-4.0.0.tgz 0ms (cache hit)
1091 http cache has-value@https://registry.npmjs.org/has-value/-/has-value-0.3.1.tgz 0ms (cache hit)
1092 http cache is-descriptor@https://registry.npmjs.org/is-descriptor/-/is-descriptor-0.1.8.tgz 0ms (cache hit)
1093 http cache is-descriptor@https://registry.npmjs.org/is-descriptor/-/is-descriptor-0.1.8.tgz 0ms (cache hit)
1094 http cache mime-db@https://registry.npmjs.org/mime-db/-/mime-db-1.52.0.tgz 0ms (cache hit)
1095 http cache is-extendable@https://registry.npmjs.org/is-extendable/-/is-extendable-1.0.1.tgz 0ms (cache hit)
1096 http cache define-property@https://registry.npmjs.org/define-property/-/define-property-0.2.5.tgz 0ms (cache hit)
1097 http cache define-property@https://registry.npmjs.org/define-property/-/define-property-1.0.0.tgz 0ms (cache hit)
1098 http cache statuses@https://registry.npmjs.org/statuses/-/statuses-2.0.2.tgz 0ms (cache hit)
1099 http cache is-descriptor@https://registry.npmjs.org/is-descriptor/-/is-descriptor-0.1.8.tgz 0ms (cache hit)
1100 http cache extend-shallow@https://registry.npmjs.org/extend-shallow/-/extend-shallow-3.0.2.tgz 0ms (cache hit)
1101 http cache mime-types@https://registry.npmjs.org/mime-types/-/mime-types-2.1.35.tgz 0ms (cache hit)
1102 http cache define-property@https://registry.npmjs.org/define-property/-/define-property-0.2.5.tgz 0ms (cache hit)
1103 http cache is-extendable@https://registry.npmjs.org/is-extendable/-/is-extendable-1.0.1.tgz 0ms (cache hit)
1104 http cache is-extendable@https://registry.npmjs.org/is-extendable/-/is-extendable-1.0.1.tgz 0ms (cache hit)
1105 http cache define-property@https://registry.npmjs.org/define-property/-/define-property-1.0.0.tgz 0ms (cache hit)
1106 http cache kind-of@https://registry.npmjs.org/kind-of/-/kind-of-6.0.3.tgz 0ms (cache hit)
1107 http cache is-extendable@https://registry.npmjs.org/is-extendable/-/is-extendable-1.0.1.tgz 0ms (cache hit)
1108 http cache is-extendable@https://registry.npmjs.org/is-extendable/-/is-extendable-1.0.1.tgz 0ms (cache hit)
1109 http cache extend-shallow@https://registry.npmjs.org/extend-shallow/-/extend-shallow-3.0.2.tgz 0ms (cache hit)
1110 http cache extend-shallow@https://registry.npmjs.org/extend-shallow/-/extend-shallow-3.0.2.tgz 0ms (cache hit)
1111 http cache define-property@https://registry.npmjs.org/define-property/-/define-property-1.0.0.tgz 0ms (cache hit)
1112 http cache define-property@https://registry.npmjs.org/define-property/-/define-property-0.2.5.tgz 0ms (cache hit)
1113 http cache extend-shallow@https://registry.npmjs.org/extend-shallow/-/extend-shallow-3.0.2.tgz 0ms (cache hit)
1114 http cache is-descriptor@https://registry.npmjs.org/is-descriptor/-/is-descriptor-0.1.8.tgz 0ms (cache hit)
1115 http cache is-extendable@https://registry.npmjs.org/is-extendable/-/is-extendable-1.0.1.tgz 0ms (cache hit)
1116 http cache is-glob@https://registry.npmjs.org/is-glob/-/is-glob-3.1.0.tgz 0ms (cache hit)
1117 http cache statuses@https://registry.npmjs.org/statuses/-/statuses-2.0.2.tgz 0ms (cache hit)
1118 http cache extend-shallow@https://registry.npmjs.org/extend-shallow/-/extend-shallow-3.0.2.tgz 0ms (cache hit)
1119 http cache normalize-path@https://registry.npmjs.org/normalize-path/-/normalize-path-2.1.1.tgz 0ms (cache hit)
1120 http cache kind-of@https://registry.npmjs.org/kind-of/-/kind-of-6.0.3.tgz 0ms (cache hit)
1121 http cache mime-db@https://registry.npmjs.org/mime-db/-/mime-db-1.52.0.tgz 0ms (cache hit)
1122 http cache on-finished@https://registry.npmjs.org/on-finished/-/on-finished-2.4.1.tgz 0ms (cache hit)
1123 http cache depd@https://registry.npmjs.org/depd/-/depd-1.1.2.tgz 0ms (cache hit)
1124 http cache ms@https://registry.npmjs.org/ms/-/ms-2.1.3.tgz 0ms (cache hit)
1125 http cache mime-types@https://registry.npmjs.org/mime-types/-/mime-types-2.1.35.tgz 0ms (cache hit)
1126 http cache http-errors@https://registry.npmjs.org/http-errors/-/http-errors-1.8.1.tgz 0ms (cache hit)
1127 silly tarball no local data for assign-symbols@https://registry.npmjs.org/assign-symbols/-/assign-symbols-1.0.0.tgz. Extracting by manifest.
1128 silly tarball no local data for websocket-extensions@https://registry.npmjs.org/websocket-extensions/-/websocket-extensions-0.1.4.tgz. Extracting by manifest.
1129 silly tarball no local data for copy-descriptor@https://registry.npmjs.org/copy-descriptor/-/copy-descriptor-0.1.1.tgz. Extracting by manifest.
1130 silly tarball no local data for http-parser-js@https://registry.npmjs.org/http-parser-js/-/http-parser-js-0.5.10.tgz. Extracting by manifest.
1131 http cache encodeurl@https://registry.npmjs.org/encodeurl/-/encodeurl-2.0.0.tgz 0ms (cache hit)
1132 silly tarball no local data for urix@https://registry.npmjs.org/urix/-/urix-0.1.0.tgz. Extracting by manifest.
1133 silly tarball no local data for object-copy@https://registry.npmjs.org/object-copy/-/object-copy-0.1.0.tgz. Extracting by manifest.
1134 silly tarball no local data for remove-trailing-separator@https://registry.npmjs.org/remove-trailing-separator/-/remove-trailing-separator-1.1.0.tgz. Extracting by manifest.
1135 silly tarball no local data for source-map-url@https://registry.npmjs.org/source-map-url/-/source-map-url-0.4.1.tgz. Extracting by manifest.
1136 silly tarball no local data for resolve-url@https://registry.npmjs.org/resolve-url/-/resolve-url-0.2.1.tgz. Extracting by manifest.
1137 silly tarball no local data for decode-uri-component@https://registry.npmjs.org/decode-uri-component/-/decode-uri-component-0.2.2.tgz. Extracting by manifest.
1138 silly tarball no local data for snapdragon-util@https://registry.npmjs.org/snapdragon-util/-/snapdragon-util-3.0.1.tgz. Extracting by manifest.
1139 silly tarball no local data for for-in@https://registry.npmjs.org/for-in/-/for-in-1.0.2.tgz. Extracting by manifest.
1140 silly tarball no local data for object-visit@https://registry.npmjs.org/object-visit/-/object-visit-1.0.1.tgz. Extracting by manifest.
1141 silly tarball no local data for is-plain-object@https://registry.npmjs.org/is-plain-object/-/is-plain-object-2.0.4.tgz. Extracting by manifest.
1142 http cache debug@https://registry.npmjs.org/debug/-/debug-4.4.3.tgz 0ms (cache hit)
1143 silly tarball no local data for map-visit@https://registry.npmjs.org/map-visit/-/map-visit-1.0.0.tgz. Extracting by manifest.
1144 silly tarball no local data for static-extend@https://registry.npmjs.org/static-extend/-/static-extend-0.1.2.tgz. Extracting by manifest.
1145 silly tarball no local data for unset-value@https://registry.npmjs.org/unset-value/-/unset-value-1.0.0.tgz. Extracting by manifest.
1146 silly tarball no local data for union-value@https://registry.npmjs.org/union-value/-/union-value-1.0.1.tgz. Extracting by manifest.
1147 silly tarball no local data for to-object-path@https://registry.npmjs.org/to-object-path/-/to-object-path-0.3.0.tgz. Extracting by manifest.
1148 silly tarball no local data for arr-union@https://registry.npmjs.org/arr-union/-/arr-union-3.1.0.tgz. Extracting by manifest.
1149 silly tarball no local data for has-values@https://registry.npmjs.org/has-values/-/has-values-1.0.0.tgz. Extracting by manifest.
1150 silly tarball no local data for has-value@https://registry.npmjs.org/has-value/-/has-value-1.0.0.tgz. Extracting by manifest.
1151 silly tarball no local data for collection-visit@https://registry.npmjs.org/collection-visit/-/collection-visit-1.0.0.tgz. Extracting by manifest.
1152 silly tarball no local data for get-value@https://registry.npmjs.org/get-value/-/get-value-2.0.6.tgz. Extracting by manifest.
1153 silly tarball no local data for mixin-deep@https://registry.npmjs.org/mixin-deep/-/mixin-deep-1.3.2.tgz. Extracting by manifest.
1154 silly tarball no local data for component-emitter@https://registry.npmjs.org/component-emitter/-/component-emitter-1.3.1.tgz. Extracting by manifest.
1155 silly tarball no local data for cache-base@https://registry.npmjs.org/cache-base/-/cache-base-1.0.1.tgz. Extracting by manifest.
1156 silly tarball no local data for use@https://registry.npmjs.org/use/-/use-3.1.1.tgz. Extracting by manifest.
1157 silly tarball no local data for source-map-resolve@https://registry.npmjs.org/source-map-resolve/-/source-map-resolve-0.5.3.tgz. Extracting by manifest.
1158 silly tarball no local data for source-map@https://registry.npmjs.org/source-map/-/source-map-0.5.7.tgz. Extracting by manifest.
1159 silly tarball no local data for class-utils@https://registry.npmjs.org/class-utils/-/class-utils-0.3.6.tgz. Extracting by manifest.
1160 silly tarball no local data for negotiator@https://registry.npmjs.org/negotiator/-/negotiator-0.6.3.tgz. Extracting by manifest.
1161 silly tarball no local data for batch@https://registry.npmjs.org/batch/-/batch-0.6.1.tgz. Extracting by manifest.
1162 silly tarball no local data for base@https://registry.npmjs.org/base/-/base-0.11.2.tgz. Extracting by manifest.
1163 silly tarball no local data for accepts@https://registry.npmjs.org/accepts/-/accepts-1.3.8.tgz. Extracting by manifest.
1164 silly tarball no local data for mime-db@https://registry.npmjs.org/mime-db/-/mime-db-1.54.0.tgz. Extracting by manifest.
1165 silly tarball no local data for toidentifier@https://registry.npmjs.org/toidentifier/-/toidentifier-1.0.1.tgz. Extracting by manifest.
1166 silly tarball no local data for set-value@https://registry.npmjs.org/set-value/-/set-value-2.0.1.tgz. Extracting by manifest.
1167 silly tarball no local data for range-parser@https://registry.npmjs.org/range-parser/-/range-parser-1.2.1.tgz. Extracting by manifest.
1168 silly tarball no local data for setprototypeof@https://registry.npmjs.org/setprototypeof/-/setprototypeof-1.2.0.tgz. Extracting by manifest.
1169 silly tarball no local data for http-errors@https://registry.npmjs.org/http-errors/-/http-errors-2.0.1.tgz. Extracting by manifest.
1170 silly tarball no local data for fresh@https://registry.npmjs.org/fresh/-/fresh-2.0.0.tgz. Extracting by manifest.
1171 silly tarball no local data for etag@https://registry.npmjs.org/etag/-/etag-1.8.1.tgz. Extracting by manifest.
1172 silly tarball no local data for ret@https://registry.npmjs.org/ret/-/ret-0.1.15.tgz. Extracting by manifest.
1173 silly tarball no local data for mime-types@https://registry.npmjs.org/mime-types/-/mime-types-3.0.2.tgz. Extracting by manifest.
1174 silly tarball no local data for pascalcase@https://registry.npmjs.org/pascalcase/-/pascalcase-0.1.1.tgz. Extracting by manifest.
1175 silly tarball no local data for string_decoder@https://registry.npmjs.org/string_decoder/-/string_decoder-1.1.1.tgz. Extracting by manifest.
1176 silly tarball no local data for isarray@https://registry.npmjs.org/isarray/-/isarray-1.0.0.tgz. Extracting by manifest.
1177 silly tarball no local data for core-util-is@https://registry.npmjs.org/core-util-is/-/core-util-is-1.0.3.tgz. Extracting by manifest.
1178 silly tarball no local data for safe-regex@https://registry.npmjs.org/safe-regex/-/safe-regex-1.1.0.tgz. Extracting by manifest.
1179 silly tarball no local data for is-wsl@https://registry.npmjs.org/is-wsl/-/is-wsl-1.1.0.tgz. Extracting by manifest.
1180 silly tarball no local data for process-nextick-args@https://registry.npmjs.org/process-nextick-args/-/process-nextick-args-2.0.1.tgz. Extracting by manifest.
1181 silly tarball no local data for readable-stream@https://registry.npmjs.org/readable-stream/-/readable-stream-2.3.8.tgz. Extracting by manifest.
1182 silly tarball no local data for graceful-fs@https://registry.npmjs.org/graceful-fs/-/graceful-fs-4.2.11.tgz. Extracting by manifest.
1183 silly tarball no local data for is-windows@https://registry.npmjs.org/is-windows/-/is-windows-1.0.2.tgz. Extracting by manifest.
1184 silly tarball no local data for safe-buffer@https://registry.npmjs.org/safe-buffer/-/safe-buffer-5.1.2.tgz. Extracting by manifest.
1185 silly tarball no local data for ee-first@https://registry.npmjs.org/ee-first/-/ee-first-1.1.1.tgz. Extracting by manifest.
1186 silly tarball no local data for depd@https://registry.npmjs.org/depd/-/depd-2.0.0.tgz. Extracting by manifest.
1187 silly tarball no local data for on-headers@https://registry.npmjs.org/on-headers/-/on-headers-1.1.0.tgz. Extracting by manifest.
1188 silly tarball no local data for basic-auth@https://registry.npmjs.org/basic-auth/-/basic-auth-2.0.1.tgz. Extracting by manifest.
1189 silly tarball no local data for is-data-descriptor@https://registry.npmjs.org/is-data-descriptor/-/is-data-descriptor-1.0.1.tgz. Extracting by manifest.
1190 silly tarball no local data for is-accessor-descriptor@https://registry.npmjs.org/is-accessor-descriptor/-/is-accessor-descriptor-1.0.2.tgz. Extracting by manifest.
1191 silly tarball no local data for map-cache@https://registry.npmjs.org/map-cache/-/map-cache-0.2.2.tgz. Extracting by manifest.
1192 silly tarball no local data for expand-brackets@https://registry.npmjs.org/expand-brackets/-/expand-brackets-2.1.4.tgz. Extracting by manifest.
1193 silly tarball no local data for is-descriptor@https://registry.npmjs.org/is-descriptor/-/is-descriptor-1.0.4.tgz. Extracting by manifest.
1194 silly tarball no local data for posix-character-classes@https://registry.npmjs.org/posix-character-classes/-/posix-character-classes-0.1.1.tgz. Extracting by manifest.
1195 silly tarball no local data for object.pick@https://registry.npmjs.org/object.pick/-/object.pick-1.3.0.tgz. Extracting by manifest.
1196 silly tarball no local data for regex-not@https://registry.npmjs.org/regex-not/-/regex-not-1.0.2.tgz. Extracting by manifest.
1197 silly tarball no local data for nanomatch@https://registry.npmjs.org/nanomatch/-/nanomatch-1.2.13.tgz. Extracting by manifest.
1198 silly tarball no local data for extglob@https://registry.npmjs.org/extglob/-/extglob-2.0.4.tgz. Extracting by manifest.
1199 silly tarball no local data for fragment-cache@https://registry.npmjs.org/fragment-cache/-/fragment-cache-0.2.1.tgz. Extracting by manifest.
1200 silly tarball no local data for arr-diff@https://registry.npmjs.org/arr-diff/-/arr-diff-4.0.0.tgz. Extracting by manifest.
1201 silly tarball no local data for kind-of@https://registry.npmjs.org/kind-of/-/kind-of-3.2.2.tgz. Extracting by manifest.
1202 silly tarball no local data for define-property@https://registry.npmjs.org/define-property/-/define-property-2.0.2.tgz. Extracting by manifest.
1203 silly tarball no local data for is-buffer@https://registry.npmjs.org/is-buffer/-/is-buffer-1.1.6.tgz. Extracting by manifest.
1204 silly tarball no local data for binary-extensions@https://registry.npmjs.org/binary-extensions/-/binary-extensions-1.13.1.tgz. Extracting by manifest.
1205 silly tarball no local data for unix-crypt-td-js@https://registry.npmjs.org/unix-crypt-td-js/-/unix-crypt-td-js-1.1.4.tgz. Extracting by manifest.
1206 silly tarball no local data for uuid@https://registry.npmjs.org/uuid/-/uuid-3.4.0.tgz. Extracting by manifest.
1207 silly tarball no local data for bcryptjs@https://registry.npmjs.org/bcryptjs/-/bcryptjs-2.4.3.tgz. Extracting by manifest.
1208 silly tarball no local data for apache-md5@https://registry.npmjs.org/apache-md5/-/apache-md5-1.1.8.tgz. Extracting by manifest.
1209 silly tarball no local data for path-dirname@https://registry.npmjs.org/path-dirname/-/path-dirname-1.0.2.tgz. Extracting by manifest.
1210 silly tarball no local data for apache-crypt@https://registry.npmjs.org/apache-crypt/-/apache-crypt-1.2.6.tgz. Extracting by manifest.
1211 silly tarball no local data for statuses@https://registry.npmjs.org/statuses/-/statuses-1.5.0.tgz. Extracting by manifest.
1212 silly tarball no local data for on-finished@https://registry.npmjs.org/on-finished/-/on-finished-2.3.0.tgz. Extracting by manifest.
1213 silly tarball no local data for encodeurl@https://registry.npmjs.org/encodeurl/-/encodeurl-1.0.2.tgz. Extracting by manifest.
1214 silly tarball no local data for to-regex-range@https://registry.npmjs.org/to-regex-range/-/to-regex-range-2.1.1.tgz. Extracting by manifest.
1215 silly tarball no local data for unpipe@https://registry.npmjs.org/unpipe/-/unpipe-1.0.0.tgz. Extracting by manifest.
1216 silly tarball no local data for escape-html@https://registry.npmjs.org/escape-html/-/escape-html-1.0.3.tgz. Extracting by manifest.
1217 silly tarball no local data for is-number@https://registry.npmjs.org/is-number/-/is-number-3.0.0.tgz. Extracting by manifest.
1218 silly tarball no local data for repeat-string@https://registry.npmjs.org/repeat-string/-/repeat-string-1.6.1.tgz. Extracting by manifest.
1219 silly tarball no local data for through@https://registry.npmjs.org/through/-/through-2.3.8.tgz. Extracting by manifest.
1220 silly tarball no local data for is-extendable@https://registry.npmjs.org/is-extendable/-/is-extendable-0.1.1.tgz. Extracting by manifest.
1221 silly tarball no local data for stream-combiner@https://registry.npmjs.org/stream-combiner/-/stream-combiner-0.0.4.tgz. Extracting by manifest.
1222 silly tarball no local data for map-stream@https://registry.npmjs.org/map-stream/-/map-stream-0.1.0.tgz. Extracting by manifest.
1223 silly tarball no local data for split@https://registry.npmjs.org/split/-/split-0.3.3.tgz. Extracting by manifest.
1224 silly tarball no local data for from@https://registry.npmjs.org/from/-/from-0.1.7.tgz. Extracting by manifest.
1225 silly tarball no local data for pause-stream@https://registry.npmjs.org/pause-stream/-/pause-stream-0.0.11.tgz. Extracting by manifest.
1226 silly tarball no local data for ms@https://registry.npmjs.org/ms/-/ms-2.0.0.tgz. Extracting by manifest.
1227 silly tarball no local data for vary@https://registry.npmjs.org/vary/-/vary-1.1.2.tgz. Extracting by manifest.
1228 silly tarball no local data for parseurl@https://registry.npmjs.org/parseurl/-/parseurl-1.3.3.tgz. Extracting by manifest.
1229 silly tarball no local data for utils-merge@https://registry.npmjs.org/utils-merge/-/utils-merge-1.0.1.tgz. Extracting by manifest.
1230 silly tarball no local data for finalhandler@https://registry.npmjs.org/finalhandler/-/finalhandler-1.1.2.tgz. Extracting by manifest.
1231 silly tarball no local data for debug@https://registry.npmjs.org/debug/-/debug-2.6.9.tgz. Extracting by manifest.
1232 silly tarball no local data for split-string@https://registry.npmjs.org/split-string/-/split-string-3.1.0.tgz. Extracting by manifest.
1233 silly tarball no local data for duplexer@https://registry.npmjs.org/duplexer/-/duplexer-0.1.2.tgz. Extracting by manifest.
1234 silly tarball no local data for to-regex@https://registry.npmjs.org/to-regex/-/to-regex-3.0.2.tgz. Extracting by manifest.
1235 silly tarball no local data for snapdragon-node@https://registry.npmjs.org/snapdragon-node/-/snapdragon-node-2.1.1.tgz. Extracting by manifest.
1236 silly tarball no local data for fill-range@https://registry.npmjs.org/fill-range/-/fill-range-4.0.0.tgz. Extracting by manifest.
1237 silly tarball no local data for snapdragon@https://registry.npmjs.org/snapdragon/-/snapdragon-0.8.2.tgz. Extracting by manifest.
1238 silly tarball no local data for isobject@https://registry.npmjs.org/isobject/-/isobject-3.0.1.tgz. Extracting by manifest.
1239 silly tarball no local data for extend-shallow@https://registry.npmjs.org/extend-shallow/-/extend-shallow-2.0.1.tgz. Extracting by manifest.
1240 silly tarball no local data for array-unique@https://registry.npmjs.org/array-unique/-/array-unique-0.3.2.tgz. Extracting by manifest.
1241 silly tarball no local data for arr-flatten@https://registry.npmjs.org/arr-flatten/-/arr-flatten-1.1.0.tgz. Extracting by manifest.
1242 silly tarball no local data for micromatch@https://registry.npmjs.org/micromatch/-/micromatch-3.1.10.tgz. Extracting by manifest.
1243 silly tarball no local data for websocket-driver@https://registry.npmjs.org/websocket-driver/-/websocket-driver-0.7.4.tgz. Extracting by manifest.
1244 silly tarball no local data for upath@https://registry.npmjs.org/upath/-/upath-1.2.0.tgz. Extracting by manifest.
1245 silly tarball no local data for repeat-element@https://registry.npmjs.org/repeat-element/-/repeat-element-1.1.4.tgz. Extracting by manifest.
1246 silly tarball no local data for readdirp@https://registry.npmjs.org/readdirp/-/readdirp-2.2.1.tgz. Extracting by manifest.
1247 silly tarball no local data for path-is-absolute@https://registry.npmjs.org/path-is-absolute/-/path-is-absolute-1.0.1.tgz. Extracting by manifest.
1248 silly tarball no local data for is-binary-path@https://registry.npmjs.org/is-binary-path/-/is-binary-path-1.0.1.tgz. Extracting by manifest.
1249 silly tarball no local data for inherits@https://registry.npmjs.org/inherits/-/inherits-2.0.4.tgz. Extracting by manifest.
1250 silly tarball no local data for async-each@https://registry.npmjs.org/async-each/-/async-each-1.0.6.tgz. Extracting by manifest.
1251 silly tarball no local data for braces@https://registry.npmjs.org/braces/-/braces-2.3.2.tgz. Extracting by manifest.
1252 silly tarball no local data for glob-parent@https://registry.npmjs.org/glob-parent/-/glob-parent-3.1.0.tgz. Extracting by manifest.
1253 silly tarball no local data for anymatch@https://registry.npmjs.org/anymatch/-/anymatch-2.0.0.tgz. Extracting by manifest.
1254 silly tarball no local data for serve-index@https://registry.npmjs.org/serve-index/-/serve-index-1.9.2.tgz. Extracting by manifest.
1255 silly tarball no local data for send@https://registry.npmjs.org/send/-/send-1.2.1.tgz. Extracting by manifest.
1256 silly tarball no local data for proxy-middleware@https://registry.npmjs.org/proxy-middleware/-/proxy-middleware-0.15.0.tgz. Extracting by manifest.
1257 silly tarball no local data for opn@https://registry.npmjs.org/opn/-/opn-6.0.0.tgz. Extracting by manifest.
1258 silly tarball no local data for http-auth@https://registry.npmjs.org/http-auth/-/http-auth-3.1.3.tgz. Extracting by manifest.
1259 silly tarball no local data for event-stream@https://registry.npmjs.org/event-stream/-/event-stream-3.3.4.tgz. Extracting by manifest.
1260 silly tarball no local data for faye-websocket@https://registry.npmjs.org/faye-websocket/-/faye-websocket-0.11.4.tgz. Extracting by manifest.
1261 silly tarball no local data for connect@https://registry.npmjs.org/connect/-/connect-3.7.0.tgz. Extracting by manifest.
1262 silly tarball no local data for colors@https://registry.npmjs.org/colors/-/colors-1.4.0.tgz. Extracting by manifest.
1263 silly tarball no local data for cors@https://registry.npmjs.org/cors/-/cors-2.8.6.tgz. Extracting by manifest.
1264 silly tarball no local data for live-server@https://registry.npmjs.org/live-server/-/live-server-1.2.2.tgz. Extracting by manifest.
1265 silly tarball no local data for chokidar@https://registry.npmjs.org/chokidar/-/chokidar-2.1.8.tgz. Extracting by manifest.
1266 silly tarball no local data for is-descriptor@https://registry.npmjs.org/is-descriptor/-/is-descriptor-0.1.8.tgz. Extracting by manifest.
1267 silly tarball no local data for morgan@https://registry.npmjs.org/morgan/-/morgan-1.10.1.tgz. Extracting by manifest.
1268 silly tarball no local data for has-values@https://registry.npmjs.org/has-values/-/has-values-0.1.4.tgz. Extracting by manifest.
1269 silly tarball no local data for define-property@https://registry.npmjs.org/define-property/-/define-property-0.2.5.tgz. Extracting by manifest.
1270 silly tarball no local data for isobject@https://registry.npmjs.org/isobject/-/isobject-2.1.0.tgz. Extracting by manifest.
1271 silly tarball no local data for define-property@https://registry.npmjs.org/define-property/-/define-property-0.2.5.tgz. Extracting by manifest.
1272 silly tarball no local data for kind-of@https://registry.npmjs.org/kind-of/-/kind-of-4.0.0.tgz. Extracting by manifest.
1273 silly tarball no local data for has-value@https://registry.npmjs.org/has-value/-/has-value-0.3.1.tgz. Extracting by manifest.
1274 silly tarball no local data for is-descriptor@https://registry.npmjs.org/is-descriptor/-/is-descriptor-0.1.8.tgz. Extracting by manifest.
1275 silly tarball no local data for is-descriptor@https://registry.npmjs.org/is-descriptor/-/is-descriptor-0.1.8.tgz. Extracting by manifest.
1276 silly tarball no local data for is-extendable@https://registry.npmjs.org/is-extendable/-/is-extendable-1.0.1.tgz. Extracting by manifest.
1277 silly tarball no local data for define-property@https://registry.npmjs.org/define-property/-/define-property-0.2.5.tgz. Extracting by manifest.
1278 silly tarball no local data for define-property@https://registry.npmjs.org/define-property/-/define-property-1.0.0.tgz. Extracting by manifest.
1279 silly tarball no local data for statuses@https://registry.npmjs.org/statuses/-/statuses-2.0.2.tgz. Extracting by manifest.
1280 silly tarball no local data for is-descriptor@https://registry.npmjs.org/is-descriptor/-/is-descriptor-0.1.8.tgz. Extracting by manifest.
1281 silly tarball no local data for extend-shallow@https://registry.npmjs.org/extend-shallow/-/extend-shallow-3.0.2.tgz. Extracting by manifest.
1282 silly tarball no local data for define-property@https://registry.npmjs.org/define-property/-/define-property-0.2.5.tgz. Extracting by manifest.
1283 silly tarball no local data for is-extendable@https://registry.npmjs.org/is-extendable/-/is-extendable-1.0.1.tgz. Extracting by manifest.
1284 silly tarball no local data for is-extendable@https://registry.npmjs.org/is-extendable/-/is-extendable-1.0.1.tgz. Extracting by manifest.
1285 silly tarball no local data for define-property@https://registry.npmjs.org/define-property/-/define-property-1.0.0.tgz. Extracting by manifest.
1286 silly tarball no local data for kind-of@https://registry.npmjs.org/kind-of/-/kind-of-6.0.3.tgz. Extracting by manifest.
1287 silly tarball no local data for is-extendable@https://registry.npmjs.org/is-extendable/-/is-extendable-1.0.1.tgz. Extracting by manifest.
1288 silly tarball no local data for is-extendable@https://registry.npmjs.org/is-extendable/-/is-extendable-1.0.1.tgz. Extracting by manifest.
1289 silly tarball no local data for extend-shallow@https://registry.npmjs.org/extend-shallow/-/extend-shallow-3.0.2.tgz. Extracting by manifest.
1290 silly tarball no local data for extend-shallow@https://registry.npmjs.org/extend-shallow/-/extend-shallow-3.0.2.tgz. Extracting by manifest.
1291 silly tarball no local data for define-property@https://registry.npmjs.org/define-property/-/define-property-1.0.0.tgz. Extracting by manifest.
1292 silly tarball no local data for define-property@https://registry.npmjs.org/define-property/-/define-property-0.2.5.tgz. Extracting by manifest.
1293 silly tarball no local data for extend-shallow@https://registry.npmjs.org/extend-shallow/-/extend-shallow-3.0.2.tgz. Extracting by manifest.
1294 silly tarball no local data for is-descriptor@https://registry.npmjs.org/is-descriptor/-/is-descriptor-0.1.8.tgz. Extracting by manifest.
1295 silly tarball no local data for is-extendable@https://registry.npmjs.org/is-extendable/-/is-extendable-1.0.1.tgz. Extracting by manifest.
1296 silly tarball no local data for is-glob@https://registry.npmjs.org/is-glob/-/is-glob-3.1.0.tgz. Extracting by manifest.
1297 silly tarball no local data for statuses@https://registry.npmjs.org/statuses/-/statuses-2.0.2.tgz. Extracting by manifest.
1298 silly tarball no local data for extend-shallow@https://registry.npmjs.org/extend-shallow/-/extend-shallow-3.0.2.tgz. Extracting by manifest.
1299 silly tarball no local data for normalize-path@https://registry.npmjs.org/normalize-path/-/normalize-path-2.1.1.tgz. Extracting by manifest.
1300 silly tarball no local data for kind-of@https://registry.npmjs.org/kind-of/-/kind-of-6.0.3.tgz. Extracting by manifest.
1301 silly tarball no local data for on-finished@https://registry.npmjs.org/on-finished/-/on-finished-2.4.1.tgz. Extracting by manifest.
1302 silly tarball no local data for depd@https://registry.npmjs.org/depd/-/depd-1.1.2.tgz. Extracting by manifest.
1303 silly tarball no local data for http-errors@https://registry.npmjs.org/http-errors/-/http-errors-1.8.1.tgz. Extracting by manifest.
1304 silly tarball no local data for encodeurl@https://registry.npmjs.org/encodeurl/-/encodeurl-2.0.0.tgz. Extracting by manifest.
1305 http fetch POST 200 https://registry.npmjs.org/-/npm/v1/security/advisories/bulk 430ms
1306 silly audit report {
1306 silly audit report   braces: [
1306 silly audit report     {
1306 silly audit report       id: 1098094,
1306 silly audit report       url: 'https://github.com/advisories/GHSA-grv7-fg5c-xmjg',
1306 silly audit report       title: 'Uncontrolled resource consumption in braces',
1306 silly audit report       severity: 'high',
1306 silly audit report       vulnerable_versions: '<3.0.3',
1306 silly audit report       cwe: [Array],
1306 silly audit report       cvss: [Object]
1306 silly audit report     }
1306 silly audit report   ],
1306 silly audit report   micromatch: [
1306 silly audit report     {
1306 silly audit report       id: 1098681,
1306 silly audit report       url: 'https://github.com/advisories/GHSA-952p-6rrq-rcjv',
1306 silly audit report       title: 'Regular Expression Denial of Service (ReDoS) in micromatch',
1306 silly audit report       severity: 'moderate',
1306 silly audit report       vulnerable_versions: '<4.0.8',
1306 silly audit report       cwe: [Array],
1306 silly audit report       cvss: [Object]
1306 silly audit report     }
1306 silly audit report   ],
1306 silly audit report   uuid: [
1306 silly audit report     {
1306 silly audit report       id: 1119441,
1306 silly audit report       url: 'https://github.com/advisories/GHSA-w5hq-g745-h8pq',
1306 silly audit report       title: 'uuid: Missing buffer bounds check in v3/v5/v6 when buf is provided',
1306 silly audit report       severity: 'moderate',
1306 silly audit report       vulnerable_versions: '<11.1.1',
1306 silly audit report       cwe: [Array],
1306 silly audit report       cvss: [Object]
1306 silly audit report     }
1306 silly audit report   ]
1306 silly audit report }
1307 silly packumentCache corgi:https://registry.npmjs.org/braces cache-miss
1308 silly packumentCache corgi:https://registry.npmjs.org/micromatch cache-miss
1309 silly packumentCache corgi:https://registry.npmjs.org/uuid cache-miss
1310 http fetch GET 200 https://registry.npmjs.org/assign-symbols/-/assign-symbols-1.0.0.tgz 501ms (cache miss)
1311 http fetch GET 200 https://registry.npmjs.org/is-plain-object/-/is-plain-object-2.0.4.tgz 488ms (cache miss)
1312 http fetch GET 200 https://registry.npmjs.org/remove-trailing-separator/-/remove-trailing-separator-1.1.0.tgz 503ms (cache miss)
1313 http fetch GET 200 https://registry.npmjs.org/for-in/-/for-in-1.0.2.tgz 499ms (cache miss)
1314 http fetch GET 200 https://registry.npmjs.org/object-visit/-/object-visit-1.0.1.tgz 499ms (cache miss)
1315 http fetch GET 200 https://registry.npmjs.org/copy-descriptor/-/copy-descriptor-0.1.1.tgz 527ms (cache miss)
1316 http fetch GET 200 https://registry.npmjs.org/map-visit/-/map-visit-1.0.0.tgz 530ms (cache miss)
1317 http fetch GET 200 https://registry.npmjs.org/object-copy/-/object-copy-0.1.0.tgz 552ms (cache miss)
1318 http fetch GET 200 https://registry.npmjs.org/http-parser-js/-/http-parser-js-0.5.10.tgz 563ms (cache miss)
1319 http fetch GET 200 https://registry.npmjs.org/source-map-url/-/source-map-url-0.4.1.tgz 558ms (cache miss)
1320 http fetch GET 200 https://registry.npmjs.org/decode-uri-component/-/decode-uri-component-0.2.2.tgz 557ms (cache miss)
1321 http fetch GET 200 https://registry.npmjs.org/static-extend/-/static-extend-0.1.2.tgz 553ms (cache miss)
1322 http fetch GET 200 https://registry.npmjs.org/union-value/-/union-value-1.0.1.tgz 566ms (cache miss)
1323 http fetch GET 200 https://registry.npmjs.org/has-values/-/has-values-1.0.0.tgz 565ms (cache miss)
1324 http fetch GET 200 https://registry.npmjs.org/to-object-path/-/to-object-path-0.3.0.tgz 567ms (cache miss)
1325 http fetch GET 200 https://registry.npmjs.org/collection-visit/-/collection-visit-1.0.0.tgz 591ms (cache miss)
1326 http fetch GET 200 https://registry.npmjs.org/get-value/-/get-value-2.0.6.tgz 591ms (cache miss)
1327 http fetch GET 200 https://registry.npmjs.org/snapdragon-util/-/snapdragon-util-3.0.1.tgz 601ms (cache miss)
1328 http fetch GET 200 https://registry.npmjs.org/mixin-deep/-/mixin-deep-1.3.2.tgz 612ms (cache miss)
1329 http fetch GET 200 https://registry.npmjs.org/component-emitter/-/component-emitter-1.3.1.tgz 612ms (cache miss)
1330 http fetch GET 200 https://registry.npmjs.org/unset-value/-/unset-value-1.0.0.tgz 623ms (cache miss)
1331 http fetch GET 200 https://registry.npmjs.org/arr-union/-/arr-union-3.1.0.tgz 622ms (cache miss)
1332 http fetch GET 200 https://registry.npmjs.org/cache-base/-/cache-base-1.0.1.tgz 621ms (cache miss)
1333 warn deprecated source-map-url@0.4.1: See https://github.com/lydell/source-map-url#deprecated
1334 http fetch GET 200 https://registry.npmjs.org/toidentifier/-/toidentifier-1.0.1.tgz 622ms (cache miss)
1335 http fetch GET 200 https://registry.npmjs.org/class-utils/-/class-utils-0.3.6.tgz 628ms (cache miss)
1336 http fetch GET 200 https://registry.npmjs.org/use/-/use-3.1.1.tgz 642ms (cache miss)
1337 http fetch GET 200 https://registry.npmjs.org/has-value/-/has-value-1.0.0.tgz 649ms (cache miss)
1338 http fetch GET 200 https://registry.npmjs.org/mime-types/-/mime-types-3.0.2.tgz 630ms (cache miss)
1339 http fetch GET 200 https://registry.npmjs.org/base/-/base-0.11.2.tgz 639ms (cache miss)
1340 http fetch GET 200 https://registry.npmjs.org/setprototypeof/-/setprototypeof-1.2.0.tgz 636ms (cache miss)
1341 http fetch GET 200 https://registry.npmjs.org/set-value/-/set-value-2.0.1.tgz 649ms (cache miss)
1342 http fetch GET 200 https://registry.npmjs.org/string_decoder/-/string_decoder-1.1.1.tgz 644ms (cache miss)
1343 http fetch GET 200 https://registry.npmjs.org/pascalcase/-/pascalcase-0.1.1.tgz 677ms (cache miss)
1344 http fetch GET 200 https://registry.npmjs.org/range-parser/-/range-parser-1.2.1.tgz 687ms (cache miss)
1345 http fetch GET 200 https://registry.npmjs.org/accepts/-/accepts-1.3.8.tgz 690ms (cache miss)
1346 http fetch GET 200 https://registry.npmjs.org/is-wsl/-/is-wsl-1.1.0.tgz 681ms (cache miss)
1347 http fetch GET 200 https://registry.npmjs.org/safe-regex/-/safe-regex-1.1.0.tgz 683ms (cache miss)
1348 http fetch GET 200 https://registry.npmjs.org/urix/-/urix-0.1.0.tgz 731ms (cache miss)
1349 http fetch GET 200 https://registry.npmjs.org/http-errors/-/http-errors-2.0.1.tgz 704ms (cache miss)
1350 http fetch GET 200 https://registry.npmjs.org/core-util-is/-/core-util-is-1.0.3.tgz 707ms (cache miss)
1351 http fetch GET 200 https://registry.npmjs.org/ee-first/-/ee-first-1.1.1.tgz 703ms (cache miss)
1352 http fetch GET 200 https://registry.npmjs.org/fresh/-/fresh-2.0.0.tgz 736ms (cache miss)
1353 http fetch GET 200 https://registry.npmjs.org/process-nextick-args/-/process-nextick-args-2.0.1.tgz 730ms (cache miss)
1354 http fetch GET 200 https://registry.npmjs.org/is-windows/-/is-windows-1.0.2.tgz 730ms (cache miss)
1355 http fetch GET 200 https://registry.npmjs.org/etag/-/etag-1.8.1.tgz 741ms (cache miss)
1356 http fetch GET 200 https://registry.npmjs.org/is-data-descriptor/-/is-data-descriptor-1.0.1.tgz 729ms (cache miss)
1357 http fetch GET 200 https://registry.npmjs.org/map-cache/-/map-cache-0.2.2.tgz 729ms (cache miss)
1358 warn deprecated urix@0.1.0: Please see https://github.com/lydell/urix#deprecated
1359 http fetch GET 200 https://registry.npmjs.org/posix-character-classes/-/posix-character-classes-0.1.1.tgz 751ms (cache miss)
1360 http fetch GET 200 https://registry.npmjs.org/object.pick/-/object.pick-1.3.0.tgz 751ms (cache miss)
1361 http fetch GET 200 https://registry.npmjs.org/regex-not/-/regex-not-1.0.2.tgz 750ms (cache miss)
1362 http fetch GET 200 https://registry.npmjs.org/fragment-cache/-/fragment-cache-0.2.1.tgz 764ms (cache miss)
1363 http fetch GET 200 https://registry.npmjs.org/on-headers/-/on-headers-1.1.0.tgz 773ms (cache miss)
1364 http fetch GET 200 https://registry.npmjs.org/arr-diff/-/arr-diff-4.0.0.tgz 768ms (cache miss)
1365 http fetch GET 200 https://registry.npmjs.org/define-property/-/define-property-2.0.2.tgz 769ms (cache miss)
1366 http fetch GET 200 https://registry.npmjs.org/is-buffer/-/is-buffer-1.1.6.tgz 785ms (cache miss)
1367 http fetch GET 200 https://registry.npmjs.org/binary-extensions/-/binary-extensions-1.13.1.tgz 787ms (cache miss)
1368 http fetch GET 200 https://registry.npmjs.org/kind-of/-/kind-of-3.2.2.tgz 790ms (cache miss)
1369 http fetch GET 200 https://registry.npmjs.org/apache-md5/-/apache-md5-1.1.8.tgz 786ms (cache miss)
1370 http fetch GET 200 https://registry.npmjs.org/apache-crypt/-/apache-crypt-1.2.6.tgz 785ms (cache miss)
1371 http fetch GET 200 https://registry.npmjs.org/path-dirname/-/path-dirname-1.0.2.tgz 786ms (cache miss)
1372 http fetch GET 200 https://registry.npmjs.org/safe-buffer/-/safe-buffer-5.1.2.tgz 824ms (cache miss)
1373 http fetch GET 200 https://registry.npmjs.org/encodeurl/-/encodeurl-1.0.2.tgz 822ms (cache miss)
1374 http fetch GET 200 https://registry.npmjs.org/to-regex-range/-/to-regex-range-2.1.1.tgz 821ms (cache miss)
1375 http fetch GET 200 https://registry.npmjs.org/is-number/-/is-number-3.0.0.tgz 821ms (cache miss)
1376 http fetch GET 200 https://registry.npmjs.org/basic-auth/-/basic-auth-2.0.1.tgz 842ms (cache miss)
1377 http fetch GET 200 https://registry.npmjs.org/escape-html/-/escape-html-1.0.3.tgz 835ms (cache miss)
1378 http fetch GET 200 https://registry.npmjs.org/repeat-string/-/repeat-string-1.6.1.tgz 835ms (cache miss)
1379 http fetch GET 200 https://registry.npmjs.org/unpipe/-/unpipe-1.0.0.tgz 837ms (cache miss)
1380 http fetch GET 200 https://registry.npmjs.org/stream-combiner/-/stream-combiner-0.0.4.tgz 834ms (cache miss)
1381 http fetch GET 200 https://registry.npmjs.org/is-extendable/-/is-extendable-0.1.1.tgz 835ms (cache miss)
1382 http fetch GET 200 https://registry.npmjs.org/ms/-/ms-2.0.0.tgz 832ms (cache miss)
1383 http fetch GET 200 https://registry.npmjs.org/from/-/from-0.1.7.tgz 833ms (cache miss)
1384 http fetch GET 200 https://registry.npmjs.org/pause-stream/-/pause-stream-0.0.11.tgz 855ms (cache miss)
1385 http fetch GET 200 https://registry.npmjs.org/parseurl/-/parseurl-1.3.3.tgz 854ms (cache miss)
1386 http fetch GET 200 https://registry.npmjs.org/utils-merge/-/utils-merge-1.0.1.tgz 853ms (cache miss)
1387 http fetch GET 200 https://registry.npmjs.org/resolve-url/-/resolve-url-0.2.1.tgz 919ms (cache miss)
1388 http fetch GET 200 https://registry.npmjs.org/map-stream/-/map-stream-0.1.0.tgz 871ms (cache miss)
1389 http fetch GET 200 https://registry.npmjs.org/split/-/split-0.3.3.tgz 871ms (cache miss)
1390 http fetch GET 200 https://registry.npmjs.org/on-finished/-/on-finished-2.3.0.tgz 887ms (cache miss)
1391 http fetch GET 200 https://registry.npmjs.org/vary/-/vary-1.1.2.tgz 892ms (cache miss)
1392 http fetch GET 200 https://registry.npmjs.org/batch/-/batch-0.6.1.tgz 935ms (cache miss)
1393 http fetch GET 200 https://registry.npmjs.org/graceful-fs/-/graceful-fs-4.2.11.tgz 921ms (cache miss)
1394 warn deprecated resolve-url@0.2.1: https://github.com/lydell/resolve-url#deprecated
1395 http fetch GET 200 https://registry.npmjs.org/finalhandler/-/finalhandler-1.1.2.tgz 908ms (cache miss)
1396 http fetch GET 200 https://registry.npmjs.org/snapdragon-node/-/snapdragon-node-2.1.1.tgz 906ms (cache miss)
1397 http fetch GET 200 https://registry.npmjs.org/isobject/-/isobject-3.0.1.tgz 905ms (cache miss)
1398 http fetch GET 200 https://registry.npmjs.org/extend-shallow/-/extend-shallow-2.0.1.tgz 905ms (cache miss)
1399 http fetch GET 200 https://registry.npmjs.org/array-unique/-/array-unique-0.3.2.tgz 905ms (cache miss)
1400 http fetch GET 200 https://registry.npmjs.org/depd/-/depd-2.0.0.tgz 947ms (cache miss)
1401 http fetch GET 200 https://registry.npmjs.org/arr-flatten/-/arr-flatten-1.1.0.tgz 917ms (cache miss)
1402 http fetch GET 200 https://registry.npmjs.org/isarray/-/isarray-1.0.0.tgz 960ms (cache miss)
1403 http fetch GET 200 https://registry.npmjs.org/split-string/-/split-string-3.1.0.tgz 925ms (cache miss)
1404 http fetch GET 200 https://registry.npmjs.org/to-regex/-/to-regex-3.0.2.tgz 931ms (cache miss)
1405 http fetch GET 200 https://registry.npmjs.org/fill-range/-/fill-range-4.0.0.tgz 931ms (cache miss)
1406 http fetch GET 200 https://registry.npmjs.org/repeat-element/-/repeat-element-1.1.4.tgz 927ms (cache miss)
1407 http fetch GET 200 https://registry.npmjs.org/unix-crypt-td-js/-/unix-crypt-td-js-1.1.4.tgz 954ms (cache miss)
1408 http fetch GET 200 https://registry.npmjs.org/duplexer/-/duplexer-0.1.2.tgz 938ms (cache miss)
1409 http fetch GET 200 https://registry.npmjs.org/statuses/-/statuses-1.5.0.tgz 965ms (cache miss)
1410 http fetch GET 200 https://registry.npmjs.org/source-map-resolve/-/source-map-resolve-0.5.3.tgz 1006ms (cache miss)
1411 http fetch GET 200 https://registry.npmjs.org/path-is-absolute/-/path-is-absolute-1.0.1.tgz 943ms (cache miss)
1412 http fetch GET 200 https://registry.npmjs.org/proxy-middleware/-/proxy-middleware-0.15.0.tgz 943ms (cache miss)
1413 http fetch GET 200 https://registry.npmjs.org/is-binary-path/-/is-binary-path-1.0.1.tgz 967ms (cache miss)
1414 http fetch GET 200 https://registry.npmjs.org/opn/-/opn-6.0.0.tgz 962ms (cache miss)
1415 http fetch GET 200 https://registry.npmjs.org/glob-parent/-/glob-parent-3.1.0.tgz 967ms (cache miss)
1416 http fetch GET 200 https://registry.npmjs.org/async-each/-/async-each-1.0.6.tgz 982ms (cache miss)
1417 http fetch GET 200 https://registry.npmjs.org/inherits/-/inherits-2.0.4.tgz 985ms (cache miss)
1418 http fetch GET 200 https://registry.npmjs.org/cors/-/cors-2.8.6.tgz 976ms (cache miss)
1419 warn deprecated source-map-resolve@0.5.3: See https://github.com/lydell/source-map-resolve#deprecated
1420 http fetch GET 200 https://registry.npmjs.org/send/-/send-1.2.1.tgz 991ms (cache miss)
1421 http fetch GET 200 https://registry.npmjs.org/anymatch/-/anymatch-2.0.0.tgz 994ms (cache miss)
1422 http fetch GET 200 https://registry.npmjs.org/mime-db/-/mime-db-1.54.0.tgz 1131ms (cache miss)
1423 http fetch GET 200 https://registry.npmjs.org/define-property/-/define-property-0.2.5.tgz 1096ms (cache miss)
1424 http fetch GET 200 https://registry.npmjs.org/readdirp/-/readdirp-2.2.1.tgz 1114ms (cache miss)
1425 http fetch GET 200 https://registry.npmjs.org/isobject/-/isobject-2.1.0.tgz 1148ms (cache miss)
1426 http fetch GET 200 https://registry.npmjs.org/has-value/-/has-value-0.3.1.tgz 1148ms (cache miss)
1427 http fetch GET 200 https://registry.npmjs.org/is-extendable/-/is-extendable-1.0.1.tgz 1241ms (cache miss)
1428 http fetch GET 200 https://registry.npmjs.org/define-property/-/define-property-1.0.0.tgz 1243ms (cache miss)
1429 http fetch GET 200 https://registry.npmjs.org/ret/-/ret-0.1.15.tgz 1318ms (cache miss)
1430 http fetch GET 200 https://registry.npmjs.org/has-values/-/has-values-0.1.4.tgz 1276ms (cache miss)
1431 http fetch GET 200 https://registry.npmjs.org/statuses/-/statuses-2.0.2.tgz 1273ms (cache miss)
1432 http fetch GET 200 https://registry.npmjs.org/extend-shallow/-/extend-shallow-3.0.2.tgz 1273ms (cache miss)
1433 http fetch GET 200 https://registry.npmjs.org/negotiator/-/negotiator-0.6.3.tgz 1355ms (cache miss)
1434 http fetch GET 200 https://registry.npmjs.org/kind-of/-/kind-of-4.0.0.tgz 1295ms (cache miss)
1435 http fetch GET 200 https://registry.npmjs.org/expand-brackets/-/expand-brackets-2.1.4.tgz 1353ms (cache miss)
1436 http fetch GET 200 https://registry.npmjs.org/define-property/-/define-property-0.2.5.tgz 1304ms (cache miss)
1437 http fetch GET 200 https://registry.npmjs.org/define-property/-/define-property-0.2.5.tgz 1302ms (cache miss)
1438 http fetch GET 200 https://registry.npmjs.org/define-property/-/define-property-0.2.5.tgz 1299ms (cache miss)
1439 http fetch GET 200 https://registry.npmjs.org/define-property/-/define-property-0.2.5.tgz 1292ms (cache miss)
1440 http fetch GET 200 https://registry.npmjs.org/upath/-/upath-1.2.0.tgz 1326ms (cache miss)
1441 http fetch GET 200 https://registry.npmjs.org/morgan/-/morgan-1.10.1.tgz 1314ms (cache miss)
1442 http fetch GET 200 https://registry.npmjs.org/is-descriptor/-/is-descriptor-0.1.8.tgz 1320ms (cache miss)
1443 http fetch GET 200 https://registry.npmjs.org/is-extendable/-/is-extendable-1.0.1.tgz 1317ms (cache miss)
1444 http fetch GET 200 https://registry.npmjs.org/is-extendable/-/is-extendable-1.0.1.tgz 1319ms (cache miss)
1445 http fetch GET 200 https://registry.npmjs.org/is-extendable/-/is-extendable-1.0.1.tgz 1316ms (cache miss)
1446 http fetch GET 200 https://registry.npmjs.org/is-extendable/-/is-extendable-1.0.1.tgz 1318ms (cache miss)
1447 http fetch GET 200 https://registry.npmjs.org/is-extendable/-/is-extendable-1.0.1.tgz 1313ms (cache miss)
1448 http fetch GET 200 https://registry.npmjs.org/define-property/-/define-property-1.0.0.tgz 1320ms (cache miss)
1449 http fetch GET 200 https://registry.npmjs.org/define-property/-/define-property-1.0.0.tgz 1316ms (cache miss)
1450 warn deprecated opn@6.0.0: The package has been renamed to `open`
1451 http fetch GET 200 https://registry.npmjs.org/is-glob/-/is-glob-3.1.0.tgz 1320ms (cache miss)
1452 http fetch GET 200 https://registry.npmjs.org/statuses/-/statuses-2.0.2.tgz 1322ms (cache miss)
1453 http fetch GET 200 https://registry.npmjs.org/extend-shallow/-/extend-shallow-3.0.2.tgz 1327ms (cache miss)
1454 http fetch GET 200 https://registry.npmjs.org/extend-shallow/-/extend-shallow-3.0.2.tgz 1327ms (cache miss)
1455 http fetch GET 200 https://registry.npmjs.org/extend-shallow/-/extend-shallow-3.0.2.tgz 1325ms (cache miss)
1456 http fetch GET 200 https://registry.npmjs.org/extend-shallow/-/extend-shallow-3.0.2.tgz 1324ms (cache miss)
1457 http fetch GET 200 https://registry.npmjs.org/normalize-path/-/normalize-path-2.1.1.tgz 1324ms (cache miss)
1458 http fetch GET 200 https://registry.npmjs.org/encodeurl/-/encodeurl-2.0.0.tgz 1332ms (cache miss)
1459 http fetch GET 200 https://registry.npmjs.org/is-accessor-descriptor/-/is-accessor-descriptor-1.0.2.tgz 1412ms (cache miss)
1460 http fetch GET 200 https://registry.npmjs.org/kind-of/-/kind-of-6.0.3.tgz 1351ms (cache miss)
1461 http fetch GET 200 https://registry.npmjs.org/kind-of/-/kind-of-6.0.3.tgz 1348ms (cache miss)
1462 http fetch GET 200 https://registry.npmjs.org/on-finished/-/on-finished-2.4.1.tgz 1350ms (cache miss)
1463 http fetch GET 200 https://registry.npmjs.org/braces 1231ms (cache miss)
1464 silly packumentCache corgi:https://registry.npmjs.org/braces set size:undefined disposed:false
1465 http fetch GET 200 https://registry.npmjs.org/http-errors/-/http-errors-1.8.1.tgz 1365ms (cache miss)
1466 http fetch GET 200 https://registry.npmjs.org/connect/-/connect-3.7.0.tgz 1393ms (cache miss)
1467 http fetch GET 200 https://registry.npmjs.org/is-descriptor/-/is-descriptor-1.0.4.tgz 1441ms (cache miss)
1468 http fetch GET 200 https://registry.npmjs.org/uuid 1240ms (cache miss)
1469 silly packumentCache corgi:https://registry.npmjs.org/uuid set size:undefined disposed:false
1470 http fetch GET 200 https://registry.npmjs.org/micromatch 1246ms (cache miss)
1471 silly packumentCache corgi:https://registry.npmjs.org/micromatch set size:undefined disposed:false
1472 http fetch GET 200 https://registry.npmjs.org/extglob/-/extglob-2.0.4.tgz 1451ms (cache miss)
1473 http fetch GET 200 https://registry.npmjs.org/nanomatch/-/nanomatch-1.2.13.tgz 1460ms (cache miss)
1474 http fetch GET 200 https://registry.npmjs.org/braces/-/braces-2.3.2.tgz 1432ms (cache miss)
1475 http fetch GET 200 https://registry.npmjs.org/chokidar/-/chokidar-2.1.8.tgz 1426ms (cache miss)
1476 http fetch GET 200 https://registry.npmjs.org/through/-/through-2.3.8.tgz 1458ms (cache miss)
1477 http fetch GET 200 https://registry.npmjs.org/snapdragon/-/snapdragon-0.8.2.tgz 1450ms (cache miss)
1478 http fetch GET 200 https://registry.npmjs.org/is-descriptor/-/is-descriptor-0.1.8.tgz 1448ms (cache miss)
1479 http fetch GET 200 https://registry.npmjs.org/micromatch/-/micromatch-3.1.10.tgz 1467ms (cache miss)
1480 silly packumentCache corgi:https://registry.npmjs.org/chokidar cache-miss
1481 http fetch GET 200 https://registry.npmjs.org/is-descriptor/-/is-descriptor-0.1.8.tgz 1456ms (cache miss)
1482 http fetch GET 200 https://registry.npmjs.org/is-descriptor/-/is-descriptor-0.1.8.tgz 1459ms (cache miss)
1483 http fetch GET 200 https://registry.npmjs.org/websocket-extensions/-/websocket-extensions-0.1.4.tgz 1569ms (cache miss)
1484 http fetch GET 200 https://registry.npmjs.org/is-descriptor/-/is-descriptor-0.1.8.tgz 1458ms (cache miss)
1485 http fetch GET 200 https://registry.npmjs.org/depd/-/depd-1.1.2.tgz 1457ms (cache miss)
1486 http fetch GET 200 https://registry.npmjs.org/debug/-/debug-2.6.9.tgz 1528ms (cache miss)
1487 http fetch GET 200 https://registry.npmjs.org/faye-websocket/-/faye-websocket-0.11.4.tgz 1509ms (cache miss)
1488 http fetch GET 200 https://registry.npmjs.org/uuid/-/uuid-3.4.0.tgz 1555ms (cache miss)
1489 warn deprecated uuid@3.4.0: uuid@10 and below is no longer supported.  For ESM codebases, update to uuid@latest.  For CommonJS codebases, use uuid@11 (but be aware this version will likely be deprecated in 2028).
1490 http fetch GET 200 https://registry.npmjs.org/http-auth/-/http-auth-3.1.3.tgz 1543ms (cache miss)
1491 http fetch GET 200 https://registry.npmjs.org/event-stream/-/event-stream-3.3.4.tgz 1550ms (cache miss)
1492 http fetch GET 200 https://registry.npmjs.org/readable-stream/-/readable-stream-2.3.8.tgz 1604ms (cache miss)
1493 http fetch GET 200 https://registry.npmjs.org/colors/-/colors-1.4.0.tgz 1557ms (cache miss)
1494 http fetch GET 200 https://registry.npmjs.org/chokidar 105ms (cache miss)
1495 silly packumentCache corgi:https://registry.npmjs.org/chokidar set size:undefined disposed:false
1496 silly packumentCache corgi:https://registry.npmjs.org/anymatch cache-miss
1497 silly packumentCache corgi:https://registry.npmjs.org/readdirp cache-miss
1498 http fetch GET 200 https://registry.npmjs.org/websocket-driver/-/websocket-driver-0.7.4.tgz 1591ms (cache miss)
1499 http fetch GET 200 https://registry.npmjs.org/source-map/-/source-map-0.5.7.tgz 1661ms (cache miss)
1500 http fetch GET 200 https://registry.npmjs.org/bcryptjs/-/bcryptjs-2.4.3.tgz 1633ms (cache miss)
1501 http fetch GET 200 https://registry.npmjs.org/live-server/-/live-server-1.2.2.tgz 1605ms (cache miss)
1502 http fetch GET 200 https://registry.npmjs.org/anymatch 51ms (cache miss)
1503 silly packumentCache corgi:https://registry.npmjs.org/anymatch set size:undefined disposed:false
1504 http fetch GET 200 https://registry.npmjs.org/readdirp 56ms (cache miss)
1505 silly packumentCache corgi:https://registry.npmjs.org/readdirp set size:undefined disposed:false
1506 silly packumentCache corgi:https://registry.npmjs.org/http-auth cache-miss
1507 http fetch GET 200 https://registry.npmjs.org/serve-index/-/serve-index-1.9.2.tgz 1810ms (cache miss)
1508 http fetch GET 200 https://registry.npmjs.org/http-auth 323ms (cache miss)
1509 silly packumentCache corgi:https://registry.npmjs.org/http-auth set size:undefined disposed:false
1510 silly packumentCache corgi:https://registry.npmjs.org/live-server cache-miss
1511 http cache https://registry.npmjs.org/live-server 6ms (cache hit)
1512 silly packumentCache corgi:https://registry.npmjs.org/live-server set size:19733 disposed:false
1513 verbose cwd C:\projects\genai\Automated Code Reviewer\frontend
1514 verbose os Windows_NT 10.0.26200
1515 verbose node v24.13.1
1516 verbose npm  v11.15.0
1517 verbose exit 1
1518 verbose code 1
